timestamp,open,high,low,close,vol
2025-02-18 06:36:00,95331.8,95332.6,95294.1,95301.6,5.07923706
2025-02-18 06:37:00,95301.6,95326.4,95271.3,95319.9,3.26725008
2025-02-18 06:38:00,95319.9,95332.7,95303.9,95304.0,0.67658801
2025-02-18 06:39:00,95308.8,95308.8,95261.7,95285.9,11.14082284
2025-02-18 06:40:00,95285.9,95300.0,95256.3,95299.9,3.53368382
2025-02-18 06:41:00,95299.9,95482.3,95299.9,95477.9,14.60214854
2025-02-18 06:42:00,95477.9,95555.3,95454.9,95463.5,5.138846
2025-02-18 06:43:00,95463.5,95544.0,95454.6,95505.9,11.09736724
2025-02-18 06:44:00,95504.1,95510.2,95496.6,95496.7,0.85991207
2025-02-18 06:45:00,95496.6,95496.6,95452.0,95452.4,5.48646055
2025-02-18 06:46:00,95452.4,95492.4,95422.8,95492.3,5.17453262
2025-02-18 06:47:00,95492.3,95594.3,95492.3,95594.2,2.75381513
2025-02-18 06:48:00,95594.2,95594.3,95522.0,95544.3,4.50171183
2025-02-18 06:49:00,95542.5,95542.5,95511.6,95515.0,2.71028241
2025-02-18 06:50:00,95515.6,95515.6,95416.6,95416.7,6.29735809
2025-02-18 06:51:00,95416.7,95442.0,95317.4,95330.4,8.95884379
2025-02-18 06:52:00,95330.3,95355.8,95300.0,95325.8,4.90087902
2025-02-18 06:53:00,95326.2,95381.3,95326.2,95374.2,2.62192731
2025-02-18 06:54:00,95374.3,95410.0,95362.1,95373.3,6.37029559
2025-02-18 06:55:00,95372.1,95372.1,95300.5,95312.1,0.73653132
2025-02-18 06:56:00,95312.1,95350.8,95307.2,95307.2,2.79377807
2025-02-18 06:57:00,95307.2,95341.7,95307.2,95330.1,1.06768236
2025-02-18 06:58:00,95330.1,95338.8,95298.9,95330.0,1.80194611
2025-02-18 06:59:00,95328.0,95379.9,95322.9,95375.7,3.88192259
2025-02-18 07:00:00,95375.6,95416.5,95370.8,95407.9,3.45755725
2025-02-18 07:01:00,95408.0,95414.0,95322.0,95348.2,2.88131882
2025-02-18 07:02:00,95348.3,95386.0,95344.0,95386.0,1.38538176
2025-02-18 07:03:00,95386.0,95398.4,95385.9,95398.4,1.33543422
2025-02-18 07:04:00,95398.4,95551.4,95398.3,95528.2,13.14538889
2025-02-18 07:05:00,95528.2,95533.3,95486.0,95498.2,4.25752999
2025-02-18 07:06:00,95498.2,95539.5,95437.5,95469.4,1.67084726
2025-02-18 07:07:00,95469.5,95500.8,95400.8,95401.6,4.22221617
2025-02-18 07:08:00,95401.7,95491.0,95400.9,95401.0,1.96523745
2025-02-18 07:09:00,95401.0,95433.3,95400.0,95400.1,2.88597106
2025-02-18 07:10:00,95400.1,95410.7,95374.2,95410.7,2.13931172
2025-02-18 07:11:00,95410.8,95410.8,95320.1,95332.0,4.38510984
2025-02-18 07:12:00,95332.0,95338.3,95312.0,95337.9,1.34173667
2025-02-18 07:13:00,95338.0,95339.9,95300.1,95317.2,2.60745418
2025-02-18 07:14:00,95317.3,95409.6,95316.0,95409.6,1.38407594
2025-02-18 07:15:00,95409.6,95506.2,95395.7,95506.2,3.67536661
2025-02-18 07:16:00,95506.1,95560.0,95474.1,95487.0,4.10078476
2025-02-18 07:17:00,95487.0,95511.6,95480.3,95482.1,1.70739208
2025-02-18 07:18:00,95482.1,95542.1,95452.8,95535.0,6.49669829
2025-02-18 07:19:00,95536.3,95536.3,95497.7,95526.0,3.22017417
2025-02-18 07:20:00,95529.2,95560.0,95529.2,95549.9,4.09273905
2025-02-18 07:21:00,95552.1,95575.6,95523.4,95570.5,5.7368976
2025-02-18 07:22:00,95570.6,95570.6,95502.8,95551.9,1.81019738
2025-02-18 07:23:00,95551.9,95551.9,95510.7,95541.0,1.28905733
2025-02-18 07:24:00,95541.0,95577.9,95538.0,95540.1,2.43193466
2025-02-18 07:25:00,95540.1,95581.4,95518.5,95581.3,1.29951493
2025-02-18 07:26:00,95581.4,95583.0,95551.2,95579.9,1.9470864
2025-02-18 07:27:00,95580.0,95594.6,95572.7,95587.9,3.05255397
2025-02-18 07:28:00,95588.0,95591.9,95584.7,95585.2,0.45833772
2025-02-18 07:29:00,95585.2,95585.2,95567.4,95569.2,0.940429
2025-02-18 07:30:00,95569.2,95571.0,95523.4,95556.0,3.02561349
2025-02-18 07:31:00,95556.0,95556.0,95524.8,95541.1,1.69810424
2025-02-18 07:32:00,95541.1,95541.1,95520.1,95529.8,0.79541245
2025-02-18 07:33:00,95529.8,95550.0,95511.6,95550.0,2.38537159
2025-02-18 07:34:00,95550.0,95607.7,95550.0,95607.7,3.87439299
2025-02-18 07:35:00,95607.8,95666.6,95596.1,95666.5,1.15582238
2025-02-18 07:36:00,95666.6,95716.5,95642.0,95716.0,2.97258156
2025-02-18 07:37:00,95716.0,95716.3,95668.3,95678.0,4.03546413
2025-02-18 07:38:00,95678.1,95678.1,95619.2,95625.6,0.99093607
2025-02-18 07:39:00,95625.6,95625.7,95606.4,95620.1,1.10841797
2025-02-18 07:40:00,95620.2,95626.0,95584.0,95597.5,3.28763583
2025-02-18 07:41:00,95597.5,95605.5,95544.0,95544.1,2.12129783
2025-02-18 07:42:00,95544.0,95547.2,95516.6,95538.4,5.34663356
2025-02-18 07:43:00,95538.4,95550.0,95500.3,95501.0,3.833113
2025-02-18 07:44:00,95501.1,95501.1,95474.0,95474.4,3.85995164
2025-02-18 07:45:00,95474.4,95487.4,95474.3,95487.4,1.81667351
2025-02-18 07:46:00,95487.4,95487.4,95487.3,95487.4,0.2337704
2025-02-18 07:47:00,95487.4,95565.3,95487.4,95565.3,3.81134756
2025-02-18 07:48:00,95565.4,95565.4,95517.4,95517.5,1.38781208
2025-02-18 07:49:00,95517.5,95517.5,95469.4,95471.5,2.46601183
2025-02-18 07:50:00,95471.5,95478.2,95431.9,95478.2,4.21455831
2025-02-18 07:51:00,95478.2,95481.5,95458.1,95476.0,8.54961908
2025-02-18 07:52:00,95476.0,95483.9,95437.9,95438.0,1.60801929
2025-02-18 07:53:00,95438.0,95459.7,95434.0,95459.7,0.71225601
2025-02-18 07:54:00,95459.7,95477.9,95459.7,95466.4,3.19151321
2025-02-18 07:55:00,95466.4,95466.4,95427.2,95427.3,4.16636736
2025-02-18 07:56:00,95427.3,95453.2,95427.1,95450.6,2.01980836
2025-02-18 07:57:00,95450.7,95470.3,95450.7,95470.2,0.53309537
2025-02-18 07:58:00,95470.3,95488.1,95470.2,95484.3,0.82615256
2025-02-18 07:59:00,95484.4,95490.0,95459.8,95459.8,1.07312927
2025-02-18 08:00:00,95459.9,95486.6,95435.0,95486.6,3.07345185
2025-02-18 08:01:00,95486.7,95491.6,95455.4,95455.4,3.46309498
2025-02-18 08:02:00,95455.5,95463.8,95326.1,95356.9,22.90036484
2025-02-18 08:03:00,95357.0,95382.7,95356.9,95381.0,2.00791665
2025-02-18 08:04:00,95381.1,95385.9,95366.0,95385.3,2.38489393
2025-02-18 08:05:00,95385.3,95385.4,95317.4,95320.0,2.44843106
2025-02-18 08:06:00,95320.1,95320.1,95260.0,95289.6,2.81324817
2025-02-18 08:07:00,95286.3,95315.7,95286.3,95315.7,3.63482783
2025-02-18 08:08:00,95315.8,95315.8,95266.9,95276.3,3.21167221
2025-02-18 08:09:00,95276.3,95349.9,95276.3,95330.0,10.30059389
2025-02-18 08:10:00,95329.9,95329.9,95262.0,95263.0,1.10811699
2025-02-18 08:11:00,95263.0,95290.7,95263.0,95290.7,7.22729068
2025-02-18 08:12:00,95290.6,95326.3,95290.6,95319.8,1.7589336
2025-02-18 08:13:00,95319.9,95330.1,95319.8,95330.1,0.44519213
2025-02-18 08:14:00,95330.5,95356.3,95320.0,95322.6,1.07318961
2025-02-18 08:15:00,95322.6,95322.6,95270.1,95310.7,2.70395122
2025-02-18 08:16:00,95312.7,95334.6,95303.3,95334.6,0.86734114
2025-02-18 08:17:00,95334.5,95338.4,95274.1,95299.4,1.99261474
2025-02-18 08:18:00,95299.5,95346.5,95299.5,95328.3,2.54569402
2025-02-18 08:19:00,95328.3,95333.0,95300.1,95300.1,0.64973442
2025-02-18 08:20:00,95300.0,95363.3,95299.0,95363.3,4.16891513
2025-02-18 08:21:00,95366.3,95389.7,95326.5,95326.6,13.04913576
2025-02-18 08:22:00,95326.5,95357.9,95326.5,95357.9,0.88969858
2025-02-18 08:23:00,95357.9,95390.2,95357.9,95390.2,0.8130856
2025-02-18 08:24:00,95390.6,95419.5,95374.2,95419.5,0.41876104
2025-02-18 08:25:00,95419.4,95433.1,95386.6,95433.0,0.82000451
2025-02-18 08:26:00,95433.0,95457.7,95433.0,95457.7,0.18818956
2025-02-18 08:27:00,95457.7,95524.6,95457.7,95511.5,1.95442796
2025-02-18 08:28:00,95511.4,95526.1,95459.9,95465.9,1.45457024
2025-02-18 08:29:00,95465.9,95479.2,95464.0,95465.3,0.53136231
2025-02-18 08:30:00,95465.9,95555.4,95465.9,95555.3,0.86114426
2025-02-18 08:31:00,95555.4,95591.5,95547.4,95563.7,1.25874885
2025-02-18 08:32:00,95563.7,95563.8,95505.5,95532.0,1.15009585
2025-02-18 08:33:00,95532.0,95532.0,95469.3,95475.3,1.81145707
2025-02-18 08:34:00,95475.0,95475.1,95400.0,95400.1,2.90929709
2025-02-18 08:35:00,95400.0,95426.5,95397.1,95397.1,2.17386151
2025-02-18 08:36:00,95397.1,95397.1,95373.4,95373.4,0.57677378
2025-02-18 08:37:00,95373.4,95373.4,95324.1,95327.8,3.56885907
2025-02-18 08:38:00,95327.9,95354.8,95326.9,95327.0,2.03515647
2025-02-18 08:39:00,95326.9,95327.0,95310.8,95320.0,1.72601828
2025-02-18 08:40:00,95320.1,95362.2,95320.1,95320.5,4.20607676
2025-02-18 08:41:00,95320.4,95329.9,95300.0,95300.1,1.86088224
2025-02-18 08:42:00,95300.1,95339.7,95300.1,95339.7,1.09706864
2025-02-18 08:43:00,95339.7,95378.0,95339.6,95358.8,1.05275217
2025-02-18 08:44:00,95358.8,95376.0,95353.9,95376.0,0.26283693
2025-02-18 08:45:00,95375.9,95397.8,95354.6,95357.6,0.56025572
2025-02-18 08:46:00,95357.6,95357.7,95319.9,95319.9,0.96776521
2025-02-18 08:47:00,95319.9,95322.8,95300.0,95300.0,1.21597766
2025-02-18 08:48:00,95300.1,95300.1,95072.6,95139.1,51.97028628
2025-02-18 08:49:00,95139.2,95200.0,95108.0,95156.0,17.49729795
2025-02-18 08:50:00,95155.7,95179.0,95154.9,95154.9,3.84186952
2025-02-18 08:51:00,95154.8,95206.6,95131.6,95206.6,3.60371481
2025-02-18 08:52:00,95206.6,95206.6,95152.7,95181.9,10.03522508
2025-02-18 08:53:00,95181.9,95247.7,95181.9,95207.6,5.95429175
2025-02-18 08:54:00,95207.5,95237.3,95207.5,95210.8,2.32835949
2025-02-18 08:55:00,95210.2,95224.0,95186.8,95216.8,3.71596876
2025-02-18 08:56:00,95216.8,95220.9,95192.3,95199.9,3.42590369
2025-02-18 08:57:00,95199.9,95213.3,95164.4,95178.1,4.73232463
2025-02-18 08:58:00,95178.2,95268.0,95178.2,95264.0,6.02132638
2025-02-18 08:59:00,95263.5,95263.5,95220.5,95233.6,2.91577647
2025-02-18 09:00:00,95233.6,95233.6,95143.5,95219.2,6.62521219
2025-02-18 09:01:00,95219.1,95318.6,95205.8,95318.6,4.68893311
2025-02-18 09:02:00,95319.5,95330.0,95267.0,95329.9,3.09792841
2025-02-18 09:03:00,95330.0,95360.8,95315.0,95315.0,7.46075517
2025-02-18 09:04:00,95314.6,95334.2,95267.0,95317.8,2.57904165
2025-02-18 09:05:00,95317.8,95360.0,95314.7,95350.4,0.82361502
2025-02-18 09:06:00,95350.4,95360.0,95316.7,95316.8,1.42192074
2025-02-18 09:07:00,95316.7,95351.5,95297.2,95349.9,2.20689365
2025-02-18 09:08:00,95349.9,95350.0,95288.3,95298.6,0.87101991
2025-02-18 09:09:00,95299.4,95311.4,95282.0,95291.4,1.30461257
2025-02-18 09:10:00,95291.3,95291.4,95241.0,95254.9,6.41331977
2025-02-18 09:11:00,95254.9,95360.0,95254.9,95353.9,1.7898431
2025-02-18 09:12:00,95353.9,95359.9,95336.1,95359.9,2.52340058
2025-02-18 09:13:00,95359.9,95397.8,95359.9,95380.0,2.85304294
2025-02-18 09:14:00,95380.0,95436.0,95375.7,95432.6,3.56399212
2025-02-18 09:15:00,95432.6,95470.0,95422.3,95466.6,1.94614437
2025-02-18 09:16:00,95469.0,95518.1,95461.2,95492.0,3.12103529
2025-02-18 09:17:00,95492.0,95541.6,95485.5,95537.7,1.2286053
2025-02-18 09:18:00,95536.1,95542.8,95524.0,95542.8,0.93887698
2025-02-18 09:19:00,95542.7,95588.2,95542.7,95560.0,5.63299752
2025-02-18 09:20:00,95559.6,95559.6,95538.0,95559.1,1.20714187
2025-02-18 09:21:00,95559.6,95688.2,95559.6,95674.0,2.28211104
2025-02-18 09:22:00,95678.0,95700.0,95678.0,95680.0,2.24519662
2025-02-18 09:23:00,95680.0,95680.1,95649.3,95665.5,1.30833041
2025-02-18 09:24:00,95665.4,95699.0,95620.0,95699.0,1.01717855
2025-02-18 09:25:00,95698.9,95756.1,95698.9,95738.0,6.91757094
2025-02-18 09:26:00,95738.0,95751.5,95696.0,95696.0,1.9105041
2025-02-18 09:27:00,95694.7,95694.7,95600.9,95600.9,3.58682002
2025-02-18 09:28:00,95600.9,95648.0,95600.0,95648.0,1.76562861
2025-02-18 09:29:00,95647.9,95648.0,95623.6,95633.1,0.65765123
2025-02-18 09:30:00,95633.1,95672.0,95626.6,95661.1,1.19691576
2025-02-18 09:31:00,95661.1,95670.1,95612.2,95612.2,1.74216094
2025-02-18 09:32:00,95612.3,95623.7,95578.9,95623.7,1.1677286
2025-02-18 09:33:00,95625.2,95666.6,95607.4,95648.6,1.21897932
2025-02-18 09:34:00,95648.6,95684.6,95632.1,95663.9,3.04558773
2025-02-18 09:35:00,95663.8,95663.9,95610.4,95620.0,3.34057622
2025-02-18 09:36:00,95619.9,95621.0,95576.2,95583.7,1.28579237
2025-02-18 09:37:00,95583.8,95616.0,95582.9,95594.0,1.16270374
2025-02-18 09:38:00,95594.1,95624.4,95582.6,95611.3,3.54211833
2025-02-18 09:39:00,95611.3,95646.8,95611.2,95645.4,0.8325267
2025-02-18 09:40:00,95645.5,95677.9,95638.0,95675.8,0.87060101
2025-02-18 09:41:00,95675.9,95688.3,95662.4,95662.4,0.93330086
2025-02-18 09:42:00,95662.4,95662.4,95608.2,95619.3,2.29466795
2025-02-18 09:43:00,95619.4,95619.4,95583.5,95596.2,2.47045975
2025-02-18 09:44:00,95596.2,95611.8,95596.2,95609.1,0.33349877
2025-02-18 09:45:00,95609.0,95626.5,95600.5,95618.3,0.87777317
2025-02-18 09:46:00,95618.2,95618.2,95596.2,95596.2,1.28762824
2025-02-18 09:47:00,95596.2,95629.5,95589.0,95600.0,3.20186359
2025-02-18 09:48:00,95600.1,95641.3,95600.0,95641.3,0.55273195
2025-02-18 09:49:00,95641.3,95664.9,95633.7,95647.4,1.9375979
2025-02-18 09:50:00,95647.5,95658.8,95640.0,95640.1,0.30217218
2025-02-18 09:51:00,95640.1,95694.8,95640.1,95694.8,0.34551258
2025-02-18 09:52:00,95694.7,95694.7,95680.0,95693.4,0.82132827
2025-02-18 09:53:00,95693.5,95744.1,95693.5,95709.9,9.76538994
2025-02-18 09:54:00,95708.6,95721.9,95688.7,95715.4,6.15644847
2025-02-18 09:55:00,95715.4,95742.7,95715.4,95731.4,1.19551699
2025-02-18 09:56:00,95731.5,95734.4,95713.0,95734.3,0.3973192
2025-02-18 09:57:00,95734.3,95734.3,95724.4,95733.1,0.23675051
2025-02-18 09:58:00,95733.1,95734.1,95724.4,95734.1,0.15628117
2025-02-18 09:59:00,95734.1,95788.0,95731.5,95782.0,4.45322475
2025-02-18 10:00:00,95781.9,95811.0,95770.0,95811.0,4.04036153
2025-02-18 10:01:00,95811.0,95828.5,95770.1,95770.1,3.46727558
2025-02-18 10:02:00,95770.0,95827.9,95748.1,95808.8,6.69311206
2025-02-18 10:03:00,95808.9,95809.9,95744.7,95800.0,11.80405201
2025-02-18 10:04:00,95800.0,95871.9,95792.4,95832.0,26.08621799
2025-02-18 10:05:00,95831.9,95838.0,95785.4,95800.1,7.65658405
2025-02-18 10:06:00,95800.0,95800.0,95764.6,95764.9,2.61863848
2025-02-18 10:07:00,95764.9,95789.2,95762.2,95762.2,1.51767672
2025-02-18 10:08:00,95762.1,95762.2,95723.0,95732.3,2.13617557
2025-02-18 10:09:00,95732.4,95738.0,95710.9,95738.0,0.65067333
2025-02-18 10:10:00,95738.0,95742.3,95710.9,95710.9,1.82718281
2025-02-18 10:11:00,95710.7,95710.7,95674.5,95683.4,1.78524358
2025-02-18 10:12:00,95683.5,95683.5,95622.7,95642.8,14.48292816
2025-02-18 10:13:00,95642.8,95647.5,95621.5,95647.5,1.31075503
2025-02-18 10:14:00,95648.6,95666.6,95621.8,95629.3,3.44171501
2025-02-18 10:15:00,95629.3,95693.6,95629.3,95681.3,2.79717583
2025-02-18 10:16:00,95681.3,95728.7,95679.3,95716.5,1.80547476
2025-02-18 10:17:00,95716.5,95729.6,95686.7,95688.7,4.26084863
2025-02-18 10:18:00,95689.5,95689.5,95645.0,95649.6,0.48648798
2025-02-18 10:19:00,95649.7,95669.9,95643.7,95643.8,0.76077888
2025-02-18 10:20:00,95643.8,95693.1,95643.8,95682.2,4.1081332
2025-02-18 10:21:00,95682.2,95714.0,95682.2,95702.8,1.73826754
2025-02-18 10:22:00,95702.9,95749.9,95702.9,95741.8,4.45858431
2025-02-18 10:23:00,95741.8,95750.1,95729.8,95729.9,3.54797116
2025-02-18 10:24:00,95729.9,95744.0,95716.5,95728.0,0.48889839
2025-02-18 10:25:00,95728.0,95735.6,95697.6,95713.1,0.61611333
2025-02-18 10:26:00,95713.1,95716.3,95705.6,95716.2,0.1133961
2025-02-18 10:27:00,95716.2,95716.2,95675.2,95681.1,0.61624689
2025-02-18 10:28:00,95681.0,95712.0,95681.0,95712.0,0.23342257
2025-02-18 10:29:00,95713.1,95734.0,95713.1,95720.5,0.27219629
2025-02-18 10:30:00,95720.6,95720.6,95689.6,95689.6,1.52752051
2025-02-18 10:31:00,95689.6,95705.1,95674.5,95705.0,2.0381015
2025-02-18 10:32:00,95705.1,95728.1,95695.2,95695.9,3.90645159
2025-02-18 10:33:00,95695.9,95696.6,95695.9,95696.6,0.13330084
2025-02-18 10:34:00,95696.6,95742.9,95696.6,95742.9,0.30154323
2025-02-18 10:35:00,95744.0,95772.0,95743.9,95767.1,2.79323687
2025-02-18 10:36:00,95767.2,95767.2,95720.9,95759.9,1.26859592
2025-02-18 10:37:00,95760.0,95787.4,95760.0,95787.4,0.70695858
2025-02-18 10:38:00,95787.4,95818.8,95787.3,95818.8,0.51471896
2025-02-18 10:39:00,95820.0,95848.3,95820.0,95847.8,0.48127769
2025-02-18 10:40:00,95847.8,95854.3,95825.9,95854.2,1.45286667
2025-02-18 10:41:00,95854.3,95856.3,95836.0,95841.8,0.85744721
2025-02-18 10:42:00,95841.9,95871.9,95835.0,95854.4,4.52137509
2025-02-18 10:43:00,95854.4,95867.9,95854.3,95864.0,0.72453948
2025-02-18 10:44:00,95864.1,95867.9,95864.0,95867.8,0.93275701
2025-02-18 10:45:00,95867.8,95874.0,95850.0,95867.4,2.0455009
2025-02-18 10:46:00,95867.0,95867.0,95850.0,95850.1,0.34807688
2025-02-18 10:47:00,95850.1,95850.1,95803.9,95804.0,0.62634179
2025-02-18 10:48:00,95804.0,95821.6,95803.3,95814.1,1.77619995
2025-02-18 10:49:00,95814.0,95814.0,95789.7,95789.7,2.59961354
2025-02-18 10:50:00,95789.7,95789.7,95746.3,95759.7,2.07394065
2025-02-18 10:51:00,95759.7,95772.8,95717.8,95717.8,2.19628909
2025-02-18 10:52:00,95717.8,95747.9,95717.8,95747.9,1.10589436
2025-02-18 10:53:00,95747.9,95748.0,95719.6,95728.9,2.75110312
2025-02-18 10:54:00,95728.8,95728.9,95727.6,95727.6,0.3406024
2025-02-18 10:55:00,95727.6,95727.7,95704.6,95706.5,0.43613532
2025-02-18 10:56:00,95706.5,95732.4,95706.4,95728.1,1.24207972
2025-02-18 10:57:00,95728.1,95748.7,95728.1,95748.7,1.139087
2025-02-18 10:58:00,95748.8,95750.6,95725.0,95725.0,0.15338621
2025-02-18 10:59:00,95725.0,95744.4,95725.0,95744.0,0.42727189
2025-02-18 11:00:00,95744.0,95744.0,95731.7,95731.8,0.88881127
2025-02-18 11:01:00,95731.7,95732.4,95695.9,95695.9,0.76092339
2025-02-18 11:02:00,95696.0,95696.0,95650.1,95663.4,1.01219937
2025-02-18 11:03:00,95665.4,95676.0,95662.9,95674.3,0.79180828
2025-02-18 11:04:00,95674.3,95674.3,95650.1,95653.4,1.37209042
2025-02-18 11:05:00,95653.4,95660.6,95635.7,95639.9,1.61007623
2025-02-18 11:06:00,95639.9,95651.6,95638.0,95651.6,4.83011348
2025-02-18 11:07:00,95651.6,95691.9,95651.6,95683.1,7.30211206
2025-02-18 11:08:00,95683.1,95685.9,95683.1,95685.9,0.24863337
2025-02-18 11:09:00,95685.9,95685.9,95664.5,95664.6,0.92670389
2025-02-18 11:10:00,95664.5,95677.6,95659.5,95677.6,0.30625836
2025-02-18 11:11:00,95676.5,95698.5,95676.5,95698.5,0.08729411
2025-02-18 11:12:00,95698.5,95698.5,95671.5,95696.8,1.16571237
2025-02-18 11:13:00,95696.7,95696.8,95656.6,95656.6,0.56440999
2025-02-18 11:14:00,95656.0,95656.1,95638.9,95639.0,0.16515585
2025-02-18 11:15:00,95638.9,95660.0,95621.5,95660.0,0.87719106
2025-02-18 11:16:00,95661.4,95694.1,95661.4,95694.1,0.38769477
2025-02-18 11:17:00,95694.1,95694.1,95680.7,95680.7,0.30285611
2025-02-18 11:18:00,95680.7,95680.7,95623.6,95623.6,0.31768143
2025-02-18 11:19:00,95623.6,95623.6,95581.0,95581.0,5.51796733
2025-02-18 11:20:00,95581.0,95622.0,95577.1,95596.0,2.12964498
2025-02-18 11:21:00,95596.1,95599.9,95580.3,95599.8,0.63041201
2025-02-18 11:22:00,95599.9,95600.4,95570.2,95600.4,2.6269437
2025-02-18 11:23:00,95600.4,95613.7,95600.4,95611.6,1.65285341
2025-02-18 11:24:00,95611.6,95652.6,95611.6,95652.6,0.9381337
2025-02-18 11:25:00,95652.5,95652.5,95626.4,95626.4,0.38413157
2025-02-18 11:26:00,95626.5,95678.0,95617.2,95677.9,0.77843468
2025-02-18 11:27:00,95679.0,95704.0,95679.0,95703.9,0.48839293
2025-02-18 11:28:00,95703.9,95710.0,95687.9,95708.0,0.67122093
2025-02-18 11:29:00,95706.8,95742.9,95706.4,95737.1,9.30489682
2025-02-18 11:30:00,95737.0,95758.1,95737.0,95758.1,0.10168171
2025-02-18 11:31:00,95758.0,95758.0,95740.0,95753.3,0.9670495
2025-02-18 11:32:00,95753.3,95769.6,95752.2,95754.7,1.5792888
2025-02-18 11:33:00,95753.4,95780.3,95753.3,95780.3,2.29711425
2025-02-18 11:34:00,95780.3,95780.3,95778.2,95778.2,0.24860396
2025-02-18 11:35:00,95778.2,95778.3,95744.5,95754.0,2.21895176
2025-02-18 11:36:00,95754.0,95779.4,95753.3,95756.1,0.50915221
2025-02-18 11:37:00,95756.0,95756.1,95704.4,95721.7,1.15575263
2025-02-18 11:38:00,95721.8,95721.8,95708.7,95712.6,0.24291309
2025-02-18 11:39:00,95712.7,95720.6,95699.2,95701.3,0.34596202
2025-02-18 11:40:00,95701.3,95712.0,95686.9,95698.0,1.79165964
2025-02-18 11:41:00,95698.0,95698.0,95658.5,95668.6,0.6458629
2025-02-18 11:42:00,95668.5,95668.6,95649.9,95653.3,1.1139516
2025-02-18 11:43:00,95653.4,95662.8,95632.4,95632.5,0.69083114
2025-02-18 11:44:00,95632.5,95632.5,95620.7,95630.0,0.22563774
2025-02-18 11:45:00,95629.9,95630.0,95584.5,95584.5,4.25619493
2025-02-18 11:46:00,95584.0,95593.5,95567.0,95574.1,4.11102197
2025-02-18 11:47:00,95574.1,95590.0,95574.1,95588.0,0.15928494
2025-02-18 11:48:00,95588.0,95609.9,95587.9,95609.9,14.7069295
2025-02-18 11:49:00,95610.0,95635.9,95609.9,95635.9,2.8102491
2025-02-18 11:50:00,95635.8,95662.5,95635.8,95662.4,4.53206912
2025-02-18 11:51:00,95662.4,95672.0,95654.4,95654.4,1.98486833
2025-02-18 11:52:00,95654.3,95670.1,95654.3,95670.0,2.16245766
2025-02-18 11:53:00,95670.0,95682.4,95637.8,95659.1,1.23917403
2025-02-18 11:54:00,95659.7,95659.7,95626.6,95626.6,0.67522403
2025-02-18 11:55:00,95625.2,95625.3,95586.9,95587.0,0.63595562
2025-02-18 11:56:00,95587.0,95604.9,95566.9,95604.9,0.58732761
2025-02-18 11:57:00,95605.0,95630.0,95605.0,95629.9,2.16341545
2025-02-18 11:58:00,95629.9,95630.0,95604.0,95630.0,0.56133718
2025-02-18 11:59:00,95630.0,95651.8,95627.5,95627.5,4.53763222
2025-02-18 12:00:00,95627.6,95649.8,95593.5,95649.8,3.61910406
2025-02-18 12:01:00,95649.9,95668.4,95591.3,95597.2,4.26534588
2025-02-18 12:02:00,95597.9,95681.9,95597.9,95674.5,0.84601919
2025-02-18 12:03:00,95673.0,95673.0,95624.9,95643.9,1.64521787
2025-02-18 12:04:00,95644.0,95644.0,95636.0,95636.1,0.22138734
2025-02-18 12:05:00,95636.0,95647.8,95620.2,95647.7,1.18424606
2025-02-18 12:06:00,95647.7,95683.4,95607.3,95683.4,0.88900592
2025-02-18 12:07:00,95683.4,95751.7,95683.3,95751.7,1.35343485
2025-02-18 12:08:00,95751.7,95777.0,95751.7,95776.5,0.85149554
2025-02-18 12:09:00,95776.5,95796.7,95755.0,95785.8,3.30666708
2025-02-18 12:10:00,95785.9,95794.9,95754.2,95755.9,2.13672241
2025-02-18 12:11:00,95755.9,95780.9,95751.7,95756.0,0.73711867
2025-02-18 12:12:00,95756.0,95794.0,95756.0,95794.0,2.02072496
2025-02-18 12:13:00,95795.2,95807.3,95786.4,95794.1,0.87152454
2025-02-18 12:14:00,95794.0,95818.9,95794.0,95798.0,1.06553189
2025-02-18 12:15:00,95798.0,95825.7,95798.0,95825.0,0.20526241
2025-02-18 12:16:00,95824.9,95887.1,95822.5,95881.9,1.41903146
2025-02-18 12:17:00,95881.9,95888.6,95861.0,95887.3,1.52092001
2025-02-18 12:18:00,95887.3,95894.0,95864.1,95884.3,1.24479772
2025-02-18 12:19:00,95884.2,95884.3,95874.2,95874.2,2.64287718
2025-02-18 12:20:00,95874.1,95874.1,95812.1,95864.0,25.75291894
2025-02-18 12:21:00,95864.1,95876.0,95846.7,95846.7,14.13353291
2025-02-18 12:22:00,95843.4,95865.7,95816.1,95858.0,3.71726592
2025-02-18 12:23:00,95858.0,95933.9,95858.0,95919.4,17.30547605
2025-02-18 12:24:00,95916.7,95916.7,95878.5,95895.2,4.90495935
2025-02-18 12:25:00,95897.2,95966.8,95897.2,95939.9,2.20559734
2025-02-18 12:26:00,95939.8,95960.8,95920.1,95924.4,0.85642379
2025-02-18 12:27:00,95924.5,95924.5,95890.0,95890.0,2.53810978
2025-02-18 12:28:00,95890.0,95925.9,95890.0,95919.9,10.61994814
2025-02-18 12:29:00,95919.9,95934.0,95901.5,95932.9,1.04003099
2025-02-18 12:30:00,95932.9,95937.1,95899.9,95937.1,11.72128115
2025-02-18 12:31:00,95937.6,95999.9,95937.6,95970.1,1.33993462
2025-02-18 12:32:00,95970.0,96007.1,95939.8,95972.6,7.41131658
2025-02-18 12:33:00,95972.6,95999.6,95972.5,95990.7,1.72088041
2025-02-18 12:34:00,95992.8,96048.4,95977.3,96026.6,5.54158571
2025-02-18 12:35:00,96026.7,96246.9,96025.0,96240.1,42.68105304
2025-02-18 12:36:00,96244.4,96280.6,96185.7,96185.7,9.83879952
2025-02-18 12:37:00,96185.8,96232.5,96162.1,96162.1,2.42984288
2025-02-18 12:38:00,96167.2,96207.4,96151.1,96207.3,11.218894
2025-02-18 12:39:00,96207.3,96223.4,96186.8,96188.9,1.73448685
2025-02-18 12:40:00,96188.9,96239.7,96188.8,96236.9,0.86416297
2025-02-18 12:41:00,96236.9,96237.0,96164.9,96164.9,4.71558175
2025-02-18 12:42:00,96164.0,96188.0,96120.6,96120.6,1.68464087
2025-02-18 12:43:00,96120.5,96132.5,96106.6,96109.9,3.68179097
2025-02-18 12:44:00,96110.0,96164.2,96109.9,96149.9,25.40097478
2025-02-18 12:45:00,96149.9,96206.5,96149.9,96202.0,7.86749944
2025-02-18 12:46:00,96202.0,96202.0,96079.2,96079.2,7.21576571
2025-02-18 12:47:00,96078.2,96140.0,96078.1,96099.0,4.22113606
2025-02-18 12:48:00,96099.1,96139.7,96099.1,96106.6,0.74323262
2025-02-18 12:49:00,96106.5,96106.5,96086.3,96091.7,0.66196933
2025-02-18 12:50:00,96091.6,96108.8,96084.5,96098.9,2.79070143
2025-02-18 12:51:00,96097.4,96106.4,96092.6,96106.4,0.35368063
2025-02-18 12:52:00,96106.3,96139.8,96106.3,96139.8,0.51401795
2025-02-18 12:53:00,96139.8,96150.0,96101.5,96129.4,1.11686024
2025-02-18 12:54:00,96129.3,96129.3,96112.0,96112.0,0.21674424
2025-02-18 12:55:00,96112.1,96159.9,96110.1,96159.9,0.51348643
2025-02-18 12:56:00,96159.9,96206.0,96155.1,96192.0,1.74584471
2025-02-18 12:57:00,96192.7,96220.0,96192.1,96200.0,0.93831657
2025-02-18 12:58:00,96201.9,96235.6,96201.8,96206.9,4.82029732
2025-02-18 12:59:00,96207.8,96207.9,96180.5,96182.2,0.46399193
2025-02-18 13:00:00,96182.1,96265.9,96176.4,96257.6,9.10802693
2025-02-18 13:01:00,96257.5,96259.0,96243.2,96243.3,3.39263072
2025-02-18 13:02:00,96243.2,96269.7,96181.9,96269.7,7.57631718
2025-02-18 13:03:00,96269.7,96320.7,96263.9,96264.2,9.82032831
2025-02-18 13:04:00,96260.5,96267.9,96219.1,96230.3,1.73176109
2025-02-18 13:05:00,96230.3,96261.7,96230.3,96261.7,0.70838906
2025-02-18 13:06:00,96261.6,96299.9,96224.2,96237.0,4.97790469
2025-02-18 13:07:00,96234.9,96234.9,96186.5,96202.1,2.51381699
2025-02-18 13:08:00,96200.4,96249.9,96188.3,96188.3,10.48079055
2025-02-18 13:09:00,96191.0,96205.9,96188.0,96188.0,2.29225376
2025-02-18 13:10:00,96188.0,96340.0,96167.7,96333.0,15.48832533
2025-02-18 13:11:00,96333.0,96339.0,96304.9,96314.1,2.83266433
2025-02-18 13:12:00,96314.0,96318.1,96301.1,96305.0,1.25287842
2025-02-18 13:13:00,96305.1,96339.9,96305.0,96336.3,5.27864244
2025-02-18 13:14:00,96333.2,96351.6,96309.3,96351.5,1.33362087
2025-02-18 13:15:00,96351.6,96470.0,96351.5,96433.5,13.31086727
2025-02-18 13:16:00,96434.0,96472.0,96333.6,96333.6,9.13408219
2025-02-18 13:17:00,96333.7,96333.7,96242.5,96261.8,8.27479542
2025-02-18 13:18:00,96261.9,96306.6,96233.3,96245.9,4.64674723
2025-02-18 13:19:00,96246.0,96368.6,96246.0,96363.0,3.66949861
2025-02-18 13:20:00,96361.9,96408.7,96361.8,96369.6,1.84517329
2025-02-18 13:21:00,96369.6,96394.0,96319.9,96325.0,6.80474107
2025-02-18 13:22:00,96323.7,96323.7,96254.1,96254.1,8.94756142
2025-02-18 13:23:00,96255.9,96268.1,96244.4,96266.3,3.67281096
2025-02-18 13:24:00,96267.3,96310.0,96267.3,96274.3,2.38670817
2025-02-18 13:25:00,96270.0,96280.5,96243.8,96243.8,6.1769394
2025-02-18 13:26:00,96243.7,96243.7,96228.5,96236.5,0.40062513
2025-02-18 13:27:00,96236.6,96247.9,96208.1,96222.9,2.70791173
2025-02-18 13:28:00,96222.9,96240.0,96200.0,96208.1,1.39321382
2025-02-18 13:29:00,96209.6,96248.1,96209.6,96232.1,3.58948707
2025-02-18 13:30:00,96232.1,96313.9,96232.1,96293.4,4.4816442
2025-02-18 13:31:00,96293.3,96293.3,96176.4,96196.3,3.60199233
2025-02-18 13:32:00,96192.8,96273.9,96190.2,96267.9,3.83422009
2025-02-18 13:33:00,96267.9,96284.0,96226.9,96267.6,5.47656766
2025-02-18 13:34:00,96267.6,96285.3,96259.3,96276.6,13.19734273
2025-02-18 13:35:00,96276.5,96324.2,96276.5,96312.1,16.78327209
2025-02-18 13:36:00,96312.1,96312.1,96259.6,96274.9,45.78085426
2025-02-18 13:37:00,96274.9,96274.9,96220.1,96246.6,3.88324138
2025-02-18 13:38:00,96246.6,96281.9,96246.6,96259.2,15.76037944
2025-02-18 13:39:00,96259.2,96259.2,96211.4,96239.9,35.42371379
2025-02-18 13:40:00,96239.0,96239.0,96213.4,96233.4,9.06297444
2025-02-18 13:41:00,96233.4,96274.8,96233.4,96263.7,23.43833281
2025-02-18 13:42:00,96263.7,96313.4,96250.0,96313.3,45.65288086
2025-02-18 13:43:00,96313.4,96313.4,96274.0,96308.4,44.5385719
2025-02-18 13:44:00,96308.4,96308.4,96260.6,96272.9,19.75638486
2025-02-18 13:45:00,96272.9,96316.0,96260.6,96260.7,24.37739438
2025-02-18 13:46:00,96260.7,96279.9,96220.9,96275.8,14.79352311
2025-02-18 13:47:00,96276.9,96283.1,96245.4,96283.0,14.97552492
2025-02-18 13:48:00,96283.1,96289.3,96244.0,96244.0,2.14332441
2025-02-18 13:49:00,96244.0,96244.1,96196.3,96199.9,4.46877152
2025-02-18 13:50:00,96199.9,96203.3,96188.0,96192.0,1.88960041
2025-02-18 13:51:00,96192.0,96243.2,96192.0,96202.2,6.53935611
2025-02-18 13:52:00,96202.1,96202.1,96143.9,96143.9,4.517122
2025-02-18 13:53:00,96143.9,96144.0,96093.8,96094.5,2.90966712
2025-02-18 13:54:00,96094.6,96201.0,96094.5,96201.0,4.45643519
2025-02-18 13:55:00,96202.0,96249.2,96202.0,96240.5,1.47995421
2025-02-18 13:56:00,96240.5,96259.7,96211.7,96236.9,1.31220121
2025-02-18 13:57:00,96236.8,96250.4,96205.0,96213.3,3.78666412
2025-02-18 13:58:00,96213.3,96223.9,96206.4,96206.4,0.27806407
2025-02-18 13:59:00,96206.5,96227.7,96206.4,96216.3,0.3778622
2025-02-18 14:00:00,96216.3,96233.5,96180.6,96180.7,1.26011109
2025-02-18 14:01:00,96180.6,96180.6,96122.8,96135.2,2.89539187
2025-02-18 14:02:00,96135.2,96171.9,96100.1,96157.6,17.03208049
2025-02-18 14:03:00,96159.4,96200.4,96159.4,96200.4,4.32430519
2025-02-18 14:04:00,96200.4,96277.8,96200.4,96267.9,11.58532252
2025-02-18 14:05:00,96266.0,96275.7,96222.8,96225.9,3.88916361
2025-02-18 14:06:00,96225.8,96284.0,96225.8,96228.8,7.61081212
2025-02-18 14:07:00,96228.9,96248.7,96203.3,96213.8,5.29919638
2025-02-18 14:08:00,96213.7,96228.8,96190.3,96225.8,1.53763763
2025-02-18 14:09:00,96225.9,96226.4,96204.8,96226.3,0.75933131
2025-02-18 14:10:00,96226.3,96257.5,96187.0,96254.1,11.50031241
2025-02-18 14:11:00,96254.0,96315.4,96250.0,96315.4,9.76201411
2025-02-18 14:12:00,96315.3,96339.7,96286.0,96336.1,14.2762364
2025-02-18 14:13:00,96336.1,96348.6,96330.9,96334.3,3.04450153
2025-02-18 14:14:00,96334.3,96334.3,96277.6,96277.8,3.99684601
2025-02-18 14:15:00,96277.9,96297.9,96258.9,96260.0,2.48884238
2025-02-18 14:16:00,96258.9,96268.8,96243.5,96268.8,0.79018113
2025-02-18 14:17:00,96268.9,96333.2,96268.9,96330.1,14.09813738
2025-02-18 14:18:00,96330.0,96352.4,96282.0,96304.6,17.69507773
2025-02-18 14:19:00,96304.6,96369.5,96304.5,96369.5,18.27848374
2025-02-18 14:20:00,96369.4,96510.4,96360.0,96473.6,85.30237984
2025-02-18 14:21:00,96473.6,96519.4,96439.8,96439.8,8.27050893
2025-02-18 14:22:00,96439.9,96481.4,96433.8,96465.6,5.95816808
2025-02-18 14:23:00,96467.2,96538.5,96457.5,96503.4,12.49642542
2025-02-18 14:24:00,96503.3,96666.6,96483.4,96656.0,33.76004707
2025-02-18 14:25:00,96656.0,96750.0,96600.0,96600.0,20.68819649
2025-02-18 14:26:00,96600.0,96609.6,96519.9,96519.9,4.93105869
2025-02-18 14:27:00,96518.9,96593.6,96518.9,96554.5,2.92364612
2025-02-18 14:28:00,96554.4,96556.4,96500.0,96527.2,6.00772254
2025-02-18 14:29:00,96527.6,96527.7,96486.8,96499.9,13.44757815
2025-02-18 14:30:00,96499.9,96608.3,96499.9,96574.0,54.88956858
2025-02-18 14:31:00,96574.0,96619.2,96408.9,96426.6,18.22935569
2025-02-18 14:32:00,96425.9,96498.6,96310.0,96312.1,19.75957014
2025-02-18 14:33:00,96315.7,96461.8,96293.7,96393.6,13.82280338
2025-02-18 14:34:00,96393.5,96398.8,96300.1,96322.1,8.03068858
2025-02-18 14:35:00,96322.1,96324.1,96100.0,96100.1,33.56474845
2025-02-18 14:36:00,96100.1,96180.0,96018.1,96156.0,76.7556412
2025-02-18 14:37:00,96152.0,96153.5,96000.0,96096.0,14.27322207
2025-02-18 14:38:00,96096.0,96148.6,96028.8,96120.0,7.6076113
2025-02-18 14:39:00,96116.5,96149.9,96068.9,96096.3,7.04784587
2025-02-18 14:40:00,96096.4,96150.0,96023.3,96150.0,17.52993201
2025-02-18 14:41:00,96148.9,96148.9,95771.4,95781.2,40.29446605
2025-02-18 14:42:00,95781.2,95853.8,95741.0,95853.3,18.39645501
2025-02-18 14:43:00,95853.9,96025.7,95832.2,95986.6,22.81508077
2025-02-18 14:44:00,95983.3,96024.8,95912.8,95931.0,5.18958671
2025-02-18 14:45:00,95935.7,96006.1,95866.6,95897.5,5.63674705
2025-02-18 14:46:00,95897.6,95932.7,95731.1,95760.0,9.34981525
2025-02-18 14:47:00,95758.2,95774.6,95584.1,95712.5,15.72538106
2025-02-18 14:48:00,95716.5,95836.7,95716.5,95796.8,6.3257829
2025-02-18 14:49:00,95799.6,95829.0,95643.5,95673.8,3.65437035
2025-02-18 14:50:00,95674.9,95686.5,95400.8,95477.1,25.79655924
2025-02-18 14:51:00,95477.4,95534.9,95412.0,95534.9,6.7526823
2025-02-18 14:52:00,95536.7,95597.4,95462.2,95505.0,5.63707096
2025-02-18 14:53:00,95505.0,95643.5,95505.0,95585.7,4.31479438
2025-02-18 14:54:00,95587.2,95733.9,95585.7,95693.2,6.86158127
2025-02-18 14:55:00,95694.2,95741.2,95659.2,95741.2,8.2788127
2025-02-18 14:56:00,95741.2,95808.0,95704.9,95804.8,13.13905276
2025-02-18 14:57:00,95805.8,95807.4,95643.2,95643.2,5.57620961
2025-02-18 14:58:00,95643.1,95706.1,95629.7,95667.8,9.52597414
2025-02-18 14:59:00,95667.7,95667.7,95507.5,95533.4,72.12413929
2025-02-18 15:00:00,95533.3,95546.6,95440.2,95442.1,22.05311898
2025-02-18 15:01:00,95442.0,95506.5,95400.3,95428.0,28.17129714
2025-02-18 15:02:00,95427.9,95510.1,95419.5,95436.1,30.76813083
2025-02-18 15:03:00,95433.6,95560.0,95422.0,95526.1,23.30046135
2025-02-18 15:04:00,95526.1,95617.0,95518.1,95571.8,6.2449406
2025-02-18 15:05:00,95570.8,95585.0,95496.1,95534.1,13.485737
2025-02-18 15:06:00,95534.0,95623.2,95520.0,95614.0,9.06575102
2025-02-18 15:07:00,95614.2,95700.0,95601.3,95678.4,1.01911158
2025-02-18 15:08:00,95675.0,95700.0,95601.1,95699.9,1.33262136
2025-02-18 15:09:00,95699.9,95728.6,95645.0,95662.1,1.88837128
2025-02-18 15:10:00,95662.0,95670.3,95524.1,95524.2,2.42810131
2025-02-18 15:11:00,95524.1,95524.1,95397.6,95399.9,9.59497425
2025-02-18 15:12:00,95400.0,95491.3,95362.9,95491.3,15.6317834
2025-02-18 15:13:00,95491.3,95621.9,95467.1,95609.3,8.09511358
2025-02-18 15:14:00,95620.0,95620.0,95566.7,95566.8,1.84211748
2025-02-18 15:15:00,95566.8,95649.5,95511.6,95511.9,3.5717176
2025-02-18 15:16:00,95510.0,95511.6,95388.1,95396.8,4.43879049
2025-02-18 15:17:00,95396.7,95497.8,95360.1,95369.5,13.01974755
2025-02-18 15:18:00,95371.8,95438.2,95350.2,95403.9,12.11846076
2025-02-18 15:19:00,95404.6,95465.3,95345.9,95345.9,4.5702739
2025-02-18 15:20:00,95345.9,95443.4,95345.8,95443.3,7.06051002
2025-02-18 15:21:00,95443.4,95496.7,95390.6,95431.6,4.33497646
2025-02-18 15:22:00,95425.8,95509.9,95417.8,95429.6,2.61192759
2025-02-18 15:23:00,95436.6,95565.8,95424.8,95526.0,2.72309268
2025-02-18 15:24:00,95530.4,95593.5,95523.3,95571.4,3.23144359
2025-02-18 15:25:00,95570.8,95646.6,95546.7,95611.2,5.56318845
2025-02-18 15:26:00,95612.3,95612.3,95481.8,95491.4,4.64605723
2025-02-18 15:27:00,95492.0,95492.0,95360.0,95370.3,7.83119335
2025-02-18 15:28:00,95370.0,95421.4,95360.6,95386.6,2.98399997
2025-02-18 15:29:00,95390.2,95429.4,95373.3,95396.8,3.6250056
2025-02-18 15:30:00,95396.7,95466.5,95387.1,95405.2,3.06834542
2025-02-18 15:31:00,95404.6,95475.9,95360.1,95462.4,2.88850682
2025-02-18 15:32:00,95462.3,95509.7,95448.5,95507.4,3.26464753
2025-02-18 15:33:00,95507.4,95532.3,95404.0,95480.0,2.28948404
2025-02-18 15:34:00,95483.0,95500.2,95400.9,95409.6,1.65674618
2025-02-18 15:35:00,95412.0,95535.3,95401.0,95535.3,3.4065049
2025-02-18 15:36:00,95537.4,95572.7,95433.6,95453.3,2.38520323
2025-02-18 15:37:00,95455.6,95549.7,95435.0,95544.0,1.81064046
2025-02-18 15:38:00,95546.0,95714.7,95546.0,95644.0,5.36499261
2025-02-18 15:39:00,95643.7,95698.2,95604.1,95638.4,1.26821751
2025-02-18 15:40:00,95639.0,95692.2,95639.0,95679.8,1.40563306
2025-02-18 15:41:00,95680.0,95700.0,95621.5,95653.6,0.9749836
2025-02-18 15:42:00,95658.6,95707.7,95639.3,95695.9,2.17110266
2025-02-18 15:43:00,95696.0,95696.0,95573.7,95594.1,14.73971741
2025-02-18 15:44:00,95599.0,95599.0,95523.0,95524.0,6.24440425
2025-02-18 15:45:00,95524.0,95591.9,95511.3,95562.8,3.74988061
2025-02-18 15:46:00,95562.8,95581.9,95426.6,95498.0,5.83369511
2025-02-18 15:47:00,95498.0,95504.3,95375.0,95391.3,6.01237418
2025-02-18 15:48:00,95394.1,95492.4,95383.8,95488.0,3.22509935
2025-02-18 15:49:00,95490.0,95500.0,95439.5,95453.0,1.09750663
2025-02-18 15:50:00,95453.0,95455.8,95312.3,95316.0,8.843563
2025-02-18 15:51:00,95320.0,95336.4,95200.0,95329.4,31.80476061
2025-02-18 15:52:00,95330.2,95433.8,95330.1,95433.8,2.69258493
2025-02-18 15:53:00,95435.5,95526.9,95407.7,95493.6,2.75521648
2025-02-18 15:54:00,95493.6,95531.8,95445.8,95490.0,2.6391511
2025-02-18 15:55:00,95492.7,95561.9,95492.7,95538.6,1.23513977
2025-02-18 15:56:00,95537.8,95558.9,95491.8,95546.6,4.33122652
2025-02-18 15:57:00,95547.3,95630.4,95542.7,95623.9,21.01995982
2025-02-18 15:58:00,95623.8,95623.9,95538.6,95538.6,3.22121592
2025-02-18 15:59:00,95538.6,95554.3,95499.7,95542.0,2.84921182
2025-02-18 16:00:00,95542.0,95553.7,95505.3,95518.8,4.44693039
2025-02-18 16:01:00,95517.7,95606.0,95504.4,95600.1,3.30070574
2025-02-18 16:02:00,95600.0,95600.0,95523.2,95535.8,2.32596475
2025-02-18 16:03:00,95535.8,95550.0,95482.2,95485.5,1.71861421
2025-02-18 16:04:00,95491.0,95501.1,95454.0,95454.0,1.72544586
2025-02-18 16:05:00,95454.0,95480.8,95413.0,95417.4,2.43257157
2025-02-18 16:06:00,95417.4,95496.0,95415.0,95481.4,3.34764646
2025-02-18 16:07:00,95481.5,95511.0,95440.2,95440.2,2.81021178
2025-02-18 16:08:00,95440.0,95497.4,95413.3,95474.2,1.85641609
2025-02-18 16:09:00,95474.2,95502.6,95457.5,95460.1,2.33798185
2025-02-18 16:10:00,95460.0,95474.4,95439.8,95464.3,2.07532179
2025-02-18 16:11:00,95466.6,95590.6,95466.1,95573.3,1.40385553
2025-02-18 16:12:00,95572.0,95624.2,95551.1,95555.7,2.58794826
2025-02-18 16:13:00,95552.8,95558.7,95447.6,95447.6,1.9845538
2025-02-18 16:14:00,95447.6,95447.6,95384.2,95400.7,0.94021698
2025-02-18 16:15:00,95400.8,95421.7,95344.0,95351.7,7.21966184
2025-02-18 16:16:00,95347.0,95351.8,95280.1,95320.0,4.26670579
2025-02-18 16:17:00,95320.0,95437.4,95285.9,95428.4,7.34545996
2025-02-18 16:18:00,95428.1,95610.5,95428.1,95610.5,6.03563894
2025-02-18 16:19:00,95610.5,95644.7,95583.1,95633.3,5.95883976
2025-02-18 16:20:00,95633.3,95641.1,95547.1,95550.3,1.37822151
2025-02-18 16:21:00,95550.2,95550.2,95439.3,95439.3,3.13109145
2025-02-18 16:22:00,95439.3,95439.3,95274.6,95311.1,7.59499133
2025-02-18 16:23:00,95311.0,95311.0,95250.0,95289.5,10.69964624
2025-02-18 16:24:00,95289.5,95292.5,95260.0,95265.1,1.69294803
2025-02-18 16:25:00,95265.1,95299.9,95250.0,95299.9,2.0695124
2025-02-18 16:26:00,95299.9,95366.6,95299.9,95366.5,1.48301636
2025-02-18 16:27:00,95367.9,95409.5,95314.9,95314.9,3.02178072
2025-02-18 16:28:00,95313.1,95343.4,95264.7,95333.4,2.86669186
2025-02-18 16:29:00,95332.0,95354.7,95257.7,95264.4,1.82636121
2025-02-18 16:30:00,95265.0,95271.5,95216.1,95244.9,6.85501309
2025-02-18 16:31:00,95244.9,95260.1,95209.0,95209.0,2.70233418
2025-02-18 16:32:00,95208.2,95208.3,95129.4,95146.6,13.78891747
2025-02-18 16:33:00,95146.7,95187.2,95125.7,95129.1,2.58726431
2025-02-18 16:34:00,95125.7,95145.7,95125.1,95125.8,2.18974513
2025-02-18 16:35:00,95125.3,95132.0,95029.0,95072.1,31.52193303
2025-02-18 16:36:00,95072.0,95072.0,94770.0,94827.9,160.32396624
2025-02-18 16:37:00,94828.5,94925.5,94790.8,94854.0,41.65699494
2025-02-18 16:38:00,94854.0,94909.8,94822.3,94875.2,8.11713688
2025-02-18 16:39:00,94875.9,94887.5,94755.8,94813.2,25.57861016
2025-02-18 16:40:00,94813.1,94883.4,94786.3,94852.1,20.66907731
2025-02-18 16:41:00,94853.8,94853.8,94728.0,94760.7,12.97075528
2025-02-18 16:42:00,94761.4,94784.6,94699.9,94738.0,15.31225558
2025-02-18 16:43:00,94737.9,94737.9,94666.0,94688.2,8.58661423
2025-02-18 16:44:00,94688.1,94710.6,94653.1,94664.4,11.83366715
2025-02-18 16:45:00,94664.5,94755.8,94656.0,94754.3,5.24032493
2025-02-18 16:46:00,94754.3,94755.8,94628.0,94641.9,20.77248826
2025-02-18 16:47:00,94641.9,94705.3,94628.0,94679.9,4.74397036
2025-02-18 16:48:00,94679.9,94727.0,94626.3,94648.4,4.47886748
2025-02-18 16:49:00,94652.5,94749.6,94652.5,94733.9,9.85349375
2025-02-18 16:50:00,94736.0,94815.6,94688.3,94811.2,5.16879992
2025-02-18 16:51:00,94809.0,94922.8,94791.3,94856.1,3.55094002
2025-02-18 16:52:00,94856.1,94856.1,94763.9,94831.9,6.10102154
2025-02-18 16:53:00,94832.0,94866.1,94782.4,94796.7,1.61467674
2025-02-18 16:54:00,94797.9,94848.0,94786.5,94847.9,1.88046995
2025-02-18 16:55:00,94848.0,94854.8,94757.3,94803.3,4.83146983
2025-02-18 16:56:00,94803.3,94844.9,94750.0,94780.8,4.54724378
2025-02-18 16:57:00,94780.7,94782.8,94729.6,94729.6,2.77487488
2025-02-18 16:58:00,94728.1,94728.1,94610.0,94699.8,6.78070201
2025-02-18 16:59:00,94699.8,94705.2,94610.3,94639.9,3.74641074
2025-02-18 17:00:00,94638.2,94694.0,94628.6,94644.5,7.08557127
2025-02-18 17:01:00,94640.1,94750.9,94640.1,94733.4,5.86286194
2025-02-18 17:02:00,94733.4,94751.6,94704.5,94710.1,1.83504017
2025-02-18 17:03:00,94710.1,94761.0,94688.7,94746.6,2.34319311
2025-02-18 17:04:00,94748.9,94748.9,94688.3,94720.0,2.29636321
2025-02-18 17:05:00,94713.5,94766.3,94713.5,94733.7,2.72631002
2025-02-18 17:06:00,94735.2,94755.9,94658.4,94755.6,3.50075076
2025-02-18 17:07:00,94749.3,94793.8,94711.2,94761.1,6.82844465
2025-02-18 17:08:00,94761.1,94840.4,94737.5,94832.0,5.03859605
2025-02-18 17:09:00,94839.6,94880.3,94787.4,94806.1,5.33496269
2025-02-18 17:10:00,94804.6,94817.2,94740.1,94767.3,3.07769912
2025-02-18 17:11:00,94765.4,94767.3,94686.6,94731.0,2.42942718
2025-02-18 17:12:00,94729.7,94820.3,94697.1,94798.0,5.37440307
2025-02-18 17:13:00,94798.1,94806.3,94744.7,94781.1,2.91920956
2025-02-18 17:14:00,94781.1,94801.1,94768.2,94768.3,1.0282529
2025-02-18 17:15:00,94768.2,94768.2,94692.0,94703.1,4.16977026
2025-02-18 17:16:00,94705.7,94713.9,94637.3,94639.2,12.91899833
2025-02-18 17:17:00,94639.2,94657.0,94614.4,94657.0,7.23301929
2025-02-18 17:18:00,94656.9,94677.9,94621.4,94625.8,1.40011638
2025-02-18 17:19:00,94625.8,94649.7,94615.0,94615.1,3.17946932
2025-02-18 17:20:00,94615.1,94615.1,94556.7,94570.4,28.14241044
2025-02-18 17:21:00,94570.3,94633.2,94570.3,94600.0,6.29062787
2025-02-18 17:22:00,94599.2,94618.6,94580.1,94609.5,5.61119969
2025-02-18 17:23:00,94609.4,94611.3,94567.9,94567.9,6.69261654
2025-02-18 17:24:00,94568.0,94600.1,94510.0,94556.1,19.0786336
2025-02-18 17:25:00,94556.0,94568.6,94516.0,94551.2,7.79159189
2025-02-18 17:26:00,94551.9,94566.8,94516.0,94518.1,4.30488324
2025-02-18 17:27:00,94518.1,94518.1,94443.8,94466.0,35.35739036
2025-02-18 17:28:00,94466.0,94613.3,94466.0,94613.3,8.06673258
2025-02-18 17:29:00,94615.8,94615.8,94511.9,94524.7,13.94631887
2025-02-18 17:30:00,94524.7,94529.2,94418.1,94426.1,10.44991936
2025-02-18 17:31:00,94426.1,94537.9,94393.2,94503.2,4.36978528
2025-02-18 17:32:00,94501.0,94540.0,94364.0,94402.0,19.76697295
2025-02-18 17:33:00,94402.0,94429.3,94340.7,94364.0,24.83851511
2025-02-18 17:34:00,94364.0,94368.8,94280.0,94312.3,20.30726134
2025-02-18 17:35:00,94312.3,94335.0,94250.0,94266.0,7.75817159
2025-02-18 17:36:00,94266.0,94269.9,94226.9,94241.9,14.82358791
2025-02-18 17:37:00,94244.7,94257.9,94162.6,94216.4,23.51537228
2025-02-18 17:38:00,94220.0,94274.9,94170.0,94207.9,11.16191329
2025-02-18 17:39:00,94209.1,94367.9,94209.1,94366.0,13.16878065
2025-02-18 17:40:00,94366.1,94495.1,94346.1,94480.0,6.97022134
2025-02-18 17:41:00,94479.5,94489.2,94398.7,94435.8,6.25496842
2025-02-18 17:42:00,94435.0,94490.0,94416.1,94454.1,2.49071824
2025-02-18 17:43:00,94451.9,94451.9,94356.6,94383.2,4.01883352
2025-02-18 17:44:00,94383.7,94408.8,94240.1,94255.6,4.09458662
2025-02-18 17:45:00,94255.6,94268.7,94225.6,94238.0,2.19916679
2025-02-18 17:46:00,94238.0,94241.3,94172.1,94172.2,14.74802273
2025-02-18 17:47:00,94172.3,94209.8,94125.1,94180.8,18.29734752
2025-02-18 17:48:00,94181.5,94186.4,94104.0,94129.1,10.8232205
2025-02-18 17:49:00,94129.0,94138.6,94111.1,94111.2,8.99059773
2025-02-18 17:50:00,94111.8,94217.6,94111.8,94192.0,7.32221974
2025-02-18 17:51:00,94193.5,94302.8,94172.2,94283.7,6.33928186
2025-02-18 17:52:00,94283.7,94302.6,94143.2,94162.1,4.11124028
2025-02-18 17:53:00,94162.0,94232.1,94135.6,94206.0,2.71845578
2025-02-18 17:54:00,94206.0,94267.9,94206.0,94260.7,9.9137015
2025-02-18 17:55:00,94260.7,94276.2,94217.6,94276.2,5.69620263
2025-02-18 17:56:00,94279.1,94342.3,94181.2,94181.2,14.76406901
2025-02-18 17:57:00,94181.1,94181.1,94136.5,94138.8,14.60562894
2025-02-18 17:58:00,94138.9,94138.9,94133.2,94135.0,2.69622804
2025-02-18 17:59:00,94135.1,94164.1,94103.0,94103.1,16.80485058
2025-02-18 18:00:00,94103.1,94112.5,93814.7,93854.1,85.81435394
2025-02-18 18:01:00,93854.1,93909.4,93750.0,93858.0,36.66962791
2025-02-18 18:02:00,93858.0,94071.8,93846.2,94023.8,25.6994292
2025-02-18 18:03:00,94023.8,94227.9,94023.7,94103.7,11.52720999
2025-02-18 18:04:00,94103.8,94344.2,94063.2,94283.6,22.8499839
2025-02-18 18:05:00,94283.7,94329.4,94173.3,94300.0,11.18447994
2025-02-18 18:06:00,94301.2,94301.2,94202.0,94252.1,3.35920468
2025-02-18 18:07:00,94252.0,94257.4,94108.1,94117.0,3.53053063
2025-02-18 18:08:00,94118.9,94120.8,94065.0,94065.0,4.36838278
2025-02-18 18:09:00,94064.4,94064.4,94002.0,94009.9,2.66102452
2025-02-18 18:10:00,94010.0,94038.5,94000.1,94035.4,4.91752061
2025-02-18 18:11:00,94035.4,94144.0,94022.8,94062.6,11.07192925
2025-02-18 18:12:00,94062.5,94070.0,93985.3,94057.4,30.2166491
2025-02-18 18:13:00,94055.7,94060.0,94000.0,94013.3,6.31397667
2025-02-18 18:14:00,94013.5,94041.0,93928.1,94041.0,10.66067403
2025-02-18 18:15:00,94047.0,94047.0,93892.4,93897.1,4.26940221
2025-02-18 18:16:00,93897.1,93975.4,93857.0,93975.4,7.582462
2025-02-18 18:17:00,93975.8,94071.8,93960.7,94008.8,4.94270178
2025-02-18 18:18:00,94008.8,94023.8,93954.2,94007.9,4.61605628
2025-02-18 18:19:00,94009.5,94087.9,93986.2,94036.6,8.12554273
2025-02-18 18:20:00,94035.8,94038.1,93970.0,93977.9,5.93955967
2025-02-18 18:21:00,93977.9,93978.0,93904.2,93934.0,5.25588988
2025-02-18 18:22:00,93933.9,94056.0,93918.1,94047.8,7.02312982
2025-02-18 18:23:00,94047.6,94070.0,93995.4,94068.8,0.72364745
2025-02-18 18:24:00,94068.7,94177.2,94021.3,94174.4,7.24884577
2025-02-18 18:25:00,94174.4,94174.4,94098.2,94133.3,3.16524171
2025-02-18 18:26:00,94133.2,94140.0,94083.7,94102.6,2.51622617
2025-02-18 18:27:00,94102.6,94103.3,94029.2,94038.0,3.1506142
2025-02-18 18:28:00,94038.0,94067.0,94033.9,94050.0,3.50339531
2025-02-18 18:29:00,94048.1,94073.1,94016.8,94046.0,6.98375824
2025-02-18 18:30:00,94046.0,94046.0,93945.1,93951.5,10.02940806
2025-02-18 18:31:00,93951.0,93964.5,93896.5,93928.1,5.24272315
2025-02-18 18:32:00,93928.6,94004.0,93900.9,93995.6,11.32113949
2025-02-18 18:33:00,93995.5,94026.3,93943.2,93980.0,4.80023785
2025-02-18 18:34:00,93980.1,94000.0,93944.1,93959.1,2.16090164
2025-02-18 18:35:00,93959.3,93959.3,93831.2,93852.0,7.83125502
2025-02-18 18:36:00,93852.0,93890.0,93768.1,93805.3,10.08459035
2025-02-18 18:37:00,93805.4,93883.6,93788.9,93815.9,13.14194228
2025-02-18 18:38:00,93817.9,93903.5,93802.9,93903.5,5.03057488
2025-02-18 18:39:00,93903.5,93903.6,93819.3,93880.8,4.93584019
2025-02-18 18:40:00,93880.7,93915.9,93800.1,93806.4,15.03044465
2025-02-18 18:41:00,93806.4,93816.0,93750.1,93772.0,12.25538127
2025-02-18 18:42:00,93772.0,93772.0,93716.0,93740.6,58.11691276
2025-02-18 18:43:00,93740.6,93774.4,93709.0,93719.3,5.18401519
2025-02-18 18:44:00,93719.3,93746.5,93700.6,93740.0,7.08460835
2025-02-18 18:45:00,93740.1,93794.4,93657.8,93668.1,21.04437007
2025-02-18 18:46:00,93668.0,93709.2,93609.7,93628.1,12.2620175
2025-02-18 18:47:00,93628.1,93687.9,93622.9,93666.9,26.83715132
2025-02-18 18:48:00,93663.8,93677.5,93610.0,93634.9,14.27332417
2025-02-18 18:49:00,93635.0,93642.6,93600.7,93621.1,9.26305316
2025-02-18 18:50:00,93620.1,93646.0,93592.4,93615.1,3.84073304
2025-02-18 18:51:00,93615.1,93923.6,93615.1,93905.5,17.3587221
2025-02-18 18:52:00,93906.4,93939.8,93877.6,93877.6,13.14569409
2025-02-18 18:53:00,93877.6,93904.1,93802.0,93840.0,4.3115329
2025-02-18 18:54:00,93840.9,93960.0,93831.6,93960.0,4.59167783
2025-02-18 18:55:00,93959.9,94028.1,93942.6,94012.0,6.32995405
2025-02-18 18:56:00,94012.0,94041.4,94002.1,94002.1,16.2756901
2025-02-18 18:57:00,94002.1,94002.1,93890.0,93949.3,6.23608154
2025-02-18 18:58:00,93949.3,94020.2,93903.2,93983.9,6.18621677
2025-02-18 18:59:00,93985.9,93995.9,93906.5,93922.5,6.64779133
2025-02-18 19:00:00,93922.5,93922.5,93812.0,93813.4,6.69549519
2025-02-18 19:01:00,93813.3,93859.7,93750.4,93773.5,2.48259958
2025-02-18 19:02:00,93775.6,93775.6,93728.0,93760.2,1.01928244
2025-02-18 19:03:00,93760.2,93801.5,93735.0,93750.9,11.08872477
2025-02-18 19:04:00,93751.0,93761.6,93724.4,93737.2,1.64458839
2025-02-18 19:05:00,93737.2,93737.2,93621.4,93680.0,16.14407569
2025-02-18 19:06:00,93678.9,93687.8,93600.0,93658.4,12.76628932
2025-02-18 19:07:00,93656.2,93656.2,93464.0,93483.8,36.60917843
2025-02-18 19:08:00,93483.8,93529.1,93363.3,93529.1,24.39436671
2025-02-18 19:09:00,93527.2,93599.8,93446.7,93585.0,31.35384251
2025-02-18 19:10:00,93584.9,93661.5,93546.6,93574.8,8.69253382
2025-02-18 19:11:00,93574.8,93614.0,93533.5,93588.3,2.48696047
2025-02-18 19:12:00,93588.3,93588.3,93484.7,93487.6,3.83764055
2025-02-18 19:13:00,93486.7,93546.1,93430.7,93546.1,3.30817825
2025-02-18 19:14:00,93546.2,93557.1,93482.9,93506.9,3.26378467
2025-02-18 19:15:00,93508.0,93508.0,93412.6,93422.7,5.90114198
2025-02-18 19:16:00,93422.7,93525.3,93422.7,93476.0,13.89600832
2025-02-18 19:17:00,93476.1,93632.0,93447.2,93629.1,14.85335478
2025-02-18 19:18:00,93628.0,93628.0,93547.5,93567.4,9.46483224
2025-02-18 19:19:00,93567.4,93570.1,93492.6,93509.2,2.79326107
2025-02-18 19:20:00,93509.1,93513.7,93450.1,93499.0,3.27994604
2025-02-18 19:21:00,93499.0,93599.9,93494.5,93539.8,3.40560258
2025-02-18 19:22:00,93539.9,93642.5,93528.8,93624.0,5.58739154
2025-02-18 19:23:00,93624.0,93624.0,93584.2,93588.0,1.66816656
2025-02-18 19:24:00,93588.1,93764.9,93588.1,93764.9,8.3929715
2025-02-18 19:25:00,93765.0,93782.0,93665.4,93702.4,9.7014346
2025-02-18 19:26:00,93702.8,93714.0,93676.9,93698.1,1.60191832
2025-02-18 19:27:00,93698.0,93823.5,93693.3,93823.5,2.1707655
2025-02-18 19:28:00,93823.8,93872.1,93733.7,93733.8,7.51237996
2025-02-18 19:29:00,93733.8,93747.1,93666.7,93675.0,2.23749201
2025-02-18 19:30:00,93675.4,93675.4,93600.0,93646.6,5.16711696
2025-02-18 19:31:00,93649.7,93697.5,93605.1,93697.5,1.96900127
2025-02-18 19:32:00,93697.5,93762.7,93679.4,93762.7,14.19414134
2025-02-18 19:33:00,93762.8,93855.4,93762.7,93789.0,15.67593814
2025-02-18 19:34:00,93786.0,93833.6,93768.1,93833.6,4.28919242
2025-02-18 19:35:00,93833.6,93890.0,93788.6,93826.8,10.86395858
2025-02-18 19:36:00,93826.9,93923.6,93826.9,93923.6,3.98653694
2025-02-18 19:37:00,93923.7,93981.2,93923.7,93931.0,7.8676891
2025-02-18 19:38:00,93931.0,93935.8,93848.5,93881.9,4.34504494
2025-02-18 19:39:00,93881.8,93939.8,93870.1,93911.9,3.88167478
2025-02-18 19:40:00,93911.9,93948.8,93902.7,93930.0,5.93114562
2025-02-18 19:41:00,93931.6,94009.5,93886.0,94001.0,3.13098467
2025-02-18 19:42:00,94004.7,94007.2,93968.0,93989.5,0.79679498
2025-02-18 19:43:00,93988.6,93991.5,93899.7,93909.5,2.22875068
2025-02-18 19:44:00,93906.1,94026.6,93895.7,94006.2,21.75464761
2025-02-18 19:45:00,94006.3,94013.4,93945.5,93962.0,5.11759576
2025-02-18 19:46:00,93966.3,94167.6,93966.3,94153.8,4.98141906
2025-02-18 19:47:00,94153.7,94337.5,94153.7,94321.9,18.74993684
2025-02-18 19:48:00,94325.5,94399.0,94288.1,94301.0,7.40093805
2025-02-18 19:49:00,94301.0,94392.8,94266.6,94376.6,4.99111487
2025-02-18 19:50:00,94380.0,94413.7,94229.7,94239.3,8.20318727
2025-02-18 19:51:00,94239.4,94364.7,94213.2,94355.2,7.67245806
2025-02-18 19:52:00,94355.2,94355.2,94301.7,94304.4,6.33836499
2025-02-18 19:53:00,94304.4,94304.4,94253.2,94262.7,2.91097019
2025-02-18 19:54:00,94260.8,94264.4,94208.1,94264.4,3.39454962
2025-02-18 19:55:00,94264.4,94264.4,94158.5,94173.3,2.87672609
2025-02-18 19:56:00,94175.0,94175.0,94102.0,94102.0,1.92295886
2025-02-18 19:57:00,94102.1,94152.8,94089.8,94143.7,3.50010621
2025-02-18 19:58:00,94145.3,94165.9,94094.7,94129.0,3.15503264
2025-02-18 19:59:00,94132.8,94141.1,94083.4,94101.8,7.21851581
2025-02-18 20:00:00,94101.9,94114.5,94013.7,94059.0,2.99243084
2025-02-18 20:01:00,94059.0,94107.0,94018.2,94092.7,5.16375548
2025-02-18 20:02:00,94092.7,94095.3,94037.4,94055.9,2.74196352
2025-02-18 20:03:00,94055.9,94055.9,93986.0,93991.7,3.40157024
2025-02-18 20:04:00,93991.7,94005.0,93945.3,94004.9,4.28964471
2025-02-18 20:05:00,94004.9,94053.8,93982.0,94053.8,6.3429863
2025-02-18 20:06:00,94055.0,94091.0,94001.6,94071.6,4.63512184
2025-02-18 20:07:00,94071.9,94127.1,94071.9,94125.9,6.26494103
2025-02-18 20:08:00,94127.0,94242.5,94127.0,94229.3,7.58982586
2025-02-18 20:09:00,94229.7,94272.3,94229.7,94250.0,2.93409563
2025-02-18 20:10:00,94250.1,94257.8,94198.2,94240.0,2.15095608
2025-02-18 20:11:00,94241.4,94310.5,94241.4,94310.5,5.58272205
2025-02-18 20:12:00,94310.6,94333.0,94300.0,94333.0,1.91630346
2025-02-18 20:13:00,94332.9,94415.2,94326.1,94413.3,5.06301441
2025-02-18 20:14:00,94414.8,94466.0,94408.1,94448.5,3.7276807
2025-02-18 20:15:00,94448.5,94459.6,94361.7,94373.6,4.37550596
2025-02-18 20:16:00,94373.6,94382.9,94296.5,94326.9,5.58904631
2025-02-18 20:17:00,94326.9,94366.9,94278.0,94280.0,6.34199616
2025-02-18 20:18:00,94281.8,94306.6,94266.8,94306.6,2.27644689
2025-02-18 20:19:00,94308.5,94387.0,94308.5,94386.9,3.62554795
2025-02-18 20:20:00,94387.0,94406.9,94266.0,94289.6,9.49855949
2025-02-18 20:21:00,94292.5,94295.3,94222.4,94240.7,1.96375206
2025-02-18 20:22:00,94240.8,94320.6,94202.4,94320.6,2.17413244
2025-02-18 20:23:00,94321.0,94336.3,94253.9,94253.9,2.39183752
2025-02-18 20:24:00,94253.9,94274.6,94240.5,94269.0,3.38377707
2025-02-18 20:25:00,94269.1,94269.1,94163.1,94163.1,3.16910437
2025-02-18 20:26:00,94162.7,94162.7,94117.4,94117.5,3.63009851
2025-02-18 20:27:00,94117.4,94149.9,94101.6,94149.9,2.15073778
2025-02-18 20:28:00,94152.2,94185.9,94133.4,94176.7,2.7243955
2025-02-18 20:29:00,94176.7,94235.6,94165.4,94220.0,1.75668606
2025-02-18 20:30:00,94221.8,94222.0,94135.6,94162.5,8.20912129
2025-02-18 20:31:00,94163.9,94240.5,94163.9,94240.5,1.774541
2025-02-18 20:32:00,94240.5,94295.3,94240.4,94295.2,2.3700163
2025-02-18 20:33:00,94293.3,94309.1,94274.0,94281.7,3.35111323
2025-02-18 20:34:00,94281.7,94281.7,94200.1,94200.1,0.83692819
2025-02-18 20:35:00,94200.1,94210.6,94177.0,94188.7,1.62468083
2025-02-18 20:36:00,94188.7,94188.7,94120.5,94120.6,5.16242431
2025-02-18 20:37:00,94120.6,94120.6,93950.3,94002.2,19.33318474
2025-02-18 20:38:00,94002.2,94002.4,93954.3,93970.5,7.75320687
2025-02-18 20:39:00,93966.6,93966.6,93782.2,93795.4,10.39613697
2025-02-18 20:40:00,93791.2,93892.2,93742.4,93892.2,21.65021584
2025-02-18 20:41:00,93892.3,93949.8,93879.0,93937.6,4.38378603
2025-02-18 20:42:00,93937.6,93937.7,93905.9,93937.7,5.04483925
2025-02-18 20:43:00,93938.5,93963.4,93895.8,93896.8,4.28286803
2025-02-18 20:44:00,93896.8,93896.8,93830.3,93849.8,10.58300663
2025-02-18 20:45:00,93851.7,93987.9,93851.7,93987.7,5.84391388
2025-02-18 20:46:00,93987.8,94030.4,93960.0,94028.0,3.97562061
2025-02-18 20:47:00,94028.0,94028.0,93936.0,93943.1,4.96877373
2025-02-18 20:48:00,93943.1,93943.1,93860.8,93892.5,7.35193637
2025-02-18 20:49:00,93891.1,93986.2,93891.1,93954.8,4.67122257
2025-02-18 20:50:00,93954.2,94032.1,93951.7,94030.1,10.64915576
2025-02-18 20:51:00,94030.1,94035.2,93963.9,94034.1,5.01736165
2025-02-18 20:52:00,94034.1,94075.4,94013.4,94041.5,5.73154273
2025-02-18 20:53:00,94041.4,94075.2,94013.3,94059.5,3.40619973
2025-02-18 20:54:00,94055.4,94126.4,94019.8,94032.6,14.23081336
2025-02-18 20:55:00,94034.4,94146.6,94034.4,94118.8,8.72879111
2025-02-18 20:56:00,94116.6,94195.5,94104.2,94185.1,2.24509212
2025-02-18 20:57:00,94187.0,94298.3,94185.1,94293.5,6.11327352
2025-02-18 20:58:00,94293.5,94341.2,94278.1,94300.5,5.79111448
2025-02-18 20:59:00,94300.5,94300.5,93994.1,94208.0,41.22607548
2025-02-18 21:00:00,94209.6,94287.9,94126.8,94287.9,13.35898565
2025-02-18 21:01:00,94288.0,94325.9,94250.7,94300.0,6.53218153
2025-02-18 21:02:00,94303.3,94450.0,94303.3,94446.5,15.75730247
2025-02-18 21:03:00,94446.4,94781.2,94446.4,94743.8,31.4059453
2025-02-18 21:04:00,94742.8,94927.4,94693.2,94899.8,21.26267165
2025-02-18 21:05:00,94899.8,94913.2,94676.6,94752.0,22.28904019
2025-02-18 21:06:00,94756.0,94927.4,94744.0,94923.9,23.07251158
2025-02-18 21:07:00,94920.0,95028.2,94883.3,95022.7,12.53502519
2025-02-18 21:08:00,95022.7,95178.1,94903.2,95087.4,25.89809461
2025-02-18 21:09:00,95086.0,95145.5,94989.7,95034.5,10.87195147
2025-02-18 21:10:00,95033.5,95145.9,94978.8,95022.1,22.20169983
2025-02-18 21:11:00,95027.7,95031.5,94872.4,94986.5,15.56118435
2025-02-18 21:12:00,94986.5,95048.0,94924.7,95007.4,32.11449351
2025-02-18 21:13:00,95007.3,95103.0,94970.0,95090.1,15.36043735
2025-02-18 21:14:00,95090.1,95188.9,95044.7,95155.0,15.848831
2025-02-18 21:15:00,95158.9,95158.9,95064.9,95090.3,9.42550926
2025-02-18 21:16:00,95090.1,95190.7,95016.6,95035.0,20.15437214
2025-02-18 21:17:00,95038.8,95055.7,94927.1,94934.0,18.02956866
2025-02-18 21:18:00,94932.3,95180.0,94906.5,95179.9,30.41068225
2025-02-18 21:19:00,95180.0,95222.5,95145.2,95145.2,3.39241975
2025-02-18 21:20:00,95145.1,95183.2,95075.7,95167.2,2.94080498
2025-02-18 21:21:00,95160.0,95177.6,95037.2,95056.3,2.03594521
2025-02-18 21:22:00,95056.3,95178.8,95056.3,95178.8,1.65985077
2025-02-18 21:23:00,95179.4,95207.9,95112.0,95189.7,8.26134114
2025-02-18 21:24:00,95191.6,95309.3,95176.3,95283.4,28.02026002
2025-02-18 21:25:00,95283.3,95314.7,95214.9,95314.6,5.91870527
2025-02-18 21:26:00,95314.6,95333.0,95237.8,95237.8,1.34683981
2025-02-18 21:27:00,95237.9,95266.9,95146.7,95173.0,6.78683686
2025-02-18 21:28:00,95175.3,95175.3,95129.1,95134.6,0.42324173
2025-02-18 21:29:00,95137.4,95168.9,95116.0,95163.3,1.33155667
2025-02-18 21:30:00,95162.9,95162.9,95108.2,95143.7,0.72071522
2025-02-18 21:31:00,95142.0,95195.0,95107.8,95184.0,5.52306015
2025-02-18 21:32:00,95183.0,95225.3,95154.2,95194.4,2.84191428
2025-02-18 21:33:00,95194.4,95194.4,95079.1,95079.9,2.02070898
2025-02-18 21:34:00,95080.0,95083.3,95016.7,95046.1,3.32082495
2025-02-18 21:35:00,95046.0,95051.5,95004.3,95027.9,0.78825957
2025-02-18 21:36:00,95028.0,95081.2,95020.8,95049.1,2.28154493
2025-02-18 21:37:00,95049.0,95069.9,95024.6,95041.8,5.56919123
2025-02-18 21:38:00,95042.0,95126.4,95040.7,95104.3,5.15567933
2025-02-18 21:39:00,95104.3,95104.3,95034.4,95034.4,1.53321233
2025-02-18 21:40:00,95034.4,95034.4,94981.6,94981.6,15.08086734
2025-02-18 21:41:00,94981.6,94987.2,94807.3,94831.2,15.2566587
2025-02-18 21:42:00,94837.8,94978.8,94824.1,94947.2,8.9994626
2025-02-18 21:43:00,94947.3,94947.3,94910.4,94910.5,3.15910684
2025-02-18 21:44:00,94910.4,94928.1,94845.6,94920.0,1.52566228
2025-02-18 21:45:00,94918.4,94977.7,94891.0,94891.0,5.16339241
2025-02-18 21:46:00,94890.8,94890.8,94814.9,94814.9,3.25351028
2025-02-18 21:47:00,94814.9,94838.2,94745.0,94766.6,17.41915081
2025-02-18 21:48:00,94772.2,94839.1,94702.1,94813.3,9.12127647
2025-02-18 21:49:00,94811.4,94828.0,94780.7,94818.6,0.91692672
2025-02-18 21:50:00,94820.0,94854.5,94782.3,94782.3,2.64497731
2025-02-18 21:51:00,94780.4,94807.0,94750.7,94759.9,2.9935705
2025-02-18 21:52:00,94759.7,94789.0,94735.1,94789.0,1.6899019
2025-02-18 21:53:00,94788.9,94825.7,94770.0,94824.0,0.60858666
2025-02-18 21:54:00,94824.0,94912.0,94824.0,94855.9,2.43424431
2025-02-18 21:55:00,94856.0,94924.7,94856.0,94916.0,1.31319624
2025-02-18 21:56:00,94916.4,94930.0,94908.8,94916.3,4.77578347
2025-02-18 21:57:00,94916.3,94949.5,94890.6,94949.5,2.38329365
2025-02-18 21:58:00,94949.8,95014.4,94934.7,94984.1,2.25248699
2025-02-18 21:59:00,94984.0,95088.4,94969.6,95066.1,2.1212061
2025-02-18 22:00:00,95071.9,95100.0,94990.7,95000.0,1.23152505
2025-02-18 22:01:00,94999.9,95043.4,94968.5,95026.6,3.19657312
2025-02-18 22:02:00,95026.2,95069.2,94992.1,94992.1,6.98751259
2025-02-18 22:03:00,94991.7,94998.0,94950.0,94956.6,0.39264973
2025-02-18 22:04:00,94956.6,95067.2,94956.6,95055.0,0.92380162
2025-02-18 22:05:00,95054.0,95081.7,94993.6,95020.0,7.79754051
2025-02-18 22:06:00,95020.6,95050.5,94987.3,95005.3,1.00673334
2025-02-18 22:07:00,95005.3,95039.0,94992.0,94992.0,0.51554366
2025-02-18 22:08:00,94990.8,94990.8,94938.7,94945.2,1.35840219
2025-02-18 22:09:00,94942.6,94946.7,94876.5,94946.7,1.70968545
2025-02-18 22:10:00,94946.7,94967.1,94945.7,94967.1,0.77814267
2025-02-18 22:11:00,94967.1,94967.1,94883.5,94955.2,2.65078898
2025-02-18 22:12:00,94955.2,94983.3,94931.9,94979.1,2.55485897
2025-02-18 22:13:00,94979.1,95004.9,94937.0,94981.6,4.34321499
2025-02-18 22:14:00,94981.7,95016.1,94981.7,95016.0,1.589718
2025-02-18 22:15:00,95016.0,95016.1,94994.6,95015.3,1.22526759
2025-02-18 22:16:00,95016.2,95048.7,95007.9,95048.7,0.89752736
2025-02-18 22:17:00,95049.4,95090.1,95030.3,95090.1,1.70607555
2025-02-18 22:18:00,95090.1,95115.5,95030.1,95112.0,16.72598329
2025-02-18 22:19:00,95112.8,95112.8,95072.8,95072.8,1.2904059
2025-02-18 22:20:00,95075.9,95134.0,95075.9,95133.9,0.46528101
2025-02-18 22:21:00,95133.9,95169.9,95133.9,95169.9,1.25331072
2025-02-18 22:22:00,95169.8,95236.7,95169.8,95236.7,4.65358957
2025-02-18 22:23:00,95236.7,95260.0,95236.7,95245.9,2.44861275
2025-02-18 22:24:00,95245.8,95245.8,95170.7,95170.7,1.96496639
2025-02-18 22:25:00,95170.8,95248.0,95170.8,95243.9,6.29524556
2025-02-18 22:26:00,95244.1,95333.3,95244.1,95333.3,3.66453216
2025-02-18 22:27:00,95333.3,95390.4,95333.2,95390.4,6.33582606
2025-02-18 22:28:00,95390.4,95397.2,95299.9,95397.1,8.16219053
2025-02-18 22:29:00,95397.1,95425.9,95358.0,95409.0,3.88240823
2025-02-18 22:30:00,95409.9,95427.8,95399.8,95425.2,2.03059999
2025-02-18 22:31:00,95425.2,95497.1,95423.2,95497.1,4.95609752
2025-02-18 22:32:00,95497.1,95518.8,95451.8,95518.6,23.70465429
2025-02-18 22:33:00,95518.7,95519.9,95439.5,95439.5,7.57796196
2025-02-18 22:34:00,95438.8,95438.8,95270.0,95334.0,5.69361506
2025-02-18 22:35:00,95334.0,95351.9,95226.8,95278.2,5.62692391
2025-02-18 22:36:00,95278.2,95282.1,95241.8,95241.8,0.94696564
2025-02-18 22:37:00,95240.0,95338.7,95217.0,95309.1,0.99435654
2025-02-18 22:38:00,95309.2,95371.0,95309.2,95360.4,0.73454523
2025-02-18 22:39:00,95360.4,95386.2,95288.7,95288.7,2.13421521
2025-02-18 22:40:00,95287.6,95333.3,95285.3,95287.6,0.85883195
2025-02-18 22:41:00,95287.6,95287.6,95275.8,95277.9,3.07582922
2025-02-18 22:42:00,95278.0,95304.8,95277.9,95304.8,0.7874842
2025-02-18 22:43:00,95304.8,95322.3,95292.5,95292.5,2.89261055
2025-02-18 22:44:00,95296.7,95302.4,95281.9,95282.0,2.30539183
2025-02-18 22:45:00,95282.0,95282.0,95281.9,95281.9,0.2417472
2025-02-18 22:46:00,95281.9,95287.1,95274.1,95274.2,1.44973088
2025-02-18 22:47:00,95274.2,95274.2,95187.6,95187.6,1.47189537
2025-02-18 22:48:00,95187.6,95273.7,95187.5,95224.2,1.61615994
2025-02-18 22:49:00,95222.3,95251.6,95222.3,95251.5,0.74438948
2025-02-18 22:50:00,95251.5,95344.4,95251.5,95344.3,0.41402082
2025-02-18 22:51:00,95344.3,95351.7,95344.3,95350.8,0.10983399
2025-02-18 22:52:00,95350.8,95350.9,95316.9,95316.9,0.55408628
2025-02-18 22:53:00,95316.9,95316.9,95267.4,95302.5,0.9628664
2025-02-18 22:54:00,95302.5,95317.9,95295.7,95295.7,0.32719811
2025-02-18 22:55:00,95295.6,95295.6,95247.9,95252.9,2.68088182
2025-02-18 22:56:00,95252.9,95302.5,95235.7,95302.5,1.71814796
2025-02-18 22:57:00,95302.5,95302.5,95292.4,95292.7,1.25464368
2025-02-18 22:58:00,95292.6,95314.5,95290.5,95314.4,0.85570261
2025-02-18 22:59:00,95314.4,95319.5,95267.6,95299.6,3.31250875
2025-02-18 23:00:00,95297.9,95376.7,95297.9,95332.6,6.37283608
2025-02-18 23:01:00,95332.7,95347.4,95326.5,95326.5,1.43389576
2025-02-18 23:02:00,95326.6,95326.6,95257.5,95289.6,8.92453518
2025-02-18 23:03:00,95289.9,95390.6,95289.9,95378.0,5.94552758
2025-02-18 23:04:00,95377.5,95425.5,95363.1,95423.6,3.62755285
2025-02-18 23:05:00,95423.6,95427.3,95374.2,95374.3,1.3300183
2025-02-18 23:06:00,95374.3,95379.7,95328.8,95374.4,3.19912765
2025-02-18 23:07:00,95374.2,95415.2,95338.1,95415.2,4.75060401
2025-02-18 23:08:00,95415.1,95428.5,95389.4,95428.5,7.94845655
2025-02-18 23:09:00,95429.7,95448.0,95429.7,95448.0,0.32730843
2025-02-18 23:10:00,95448.0,95499.9,95438.4,95499.9,2.17253014
2025-02-18 23:11:00,95499.9,95504.6,95487.9,95503.6,1.14798682
2025-02-18 23:12:00,95503.6,95533.0,95467.9,95467.9,5.70724783
2025-02-18 23:13:00,95467.8,95467.8,95431.2,95431.4,0.6854438
2025-02-18 23:14:00,95431.4,95440.6,95431.3,95439.2,0.64242507
2025-02-18 23:15:00,95439.2,95452.3,95431.3,95450.0,1.53385917
2025-02-18 23:16:00,95450.0,95464.3,95450.0,95464.3,0.14928887
2025-02-18 23:17:00,95466.0,95469.8,95465.9,95469.7,0.1053569
2025-02-18 23:18:00,95469.7,95498.4,95469.7,95498.4,1.62231446
2025-02-18 23:19:00,95498.5,95498.5,95466.7,95481.6,0.97326682
2025-02-18 23:20:00,95481.5,95500.0,95481.5,95499.9,0.10771164
2025-02-18 23:21:00,95499.9,95500.0,95499.9,95499.9,0.20415289
2025-02-18 23:22:00,95499.9,95543.5,95499.9,95540.0,1.48366399
2025-02-18 23:23:00,95538.4,95540.4,95538.4,95538.5,0.68530353
2025-02-18 23:24:00,95538.6,95550.0,95538.6,95550.0,0.50954574
2025-02-18 23:25:00,95549.9,95610.0,95528.1,95536.4,7.98012085
2025-02-18 23:26:00,95536.4,95546.6,95506.0,95519.6,1.53420398
2025-02-18 23:27:00,95519.9,95586.2,95519.8,95575.0,1.44800654
2025-02-18 23:28:00,95575.1,95575.1,95555.7,95555.7,0.14892554
2025-02-18 23:29:00,95555.7,95579.9,95555.7,95579.9,1.12599855
2025-02-18 23:30:00,95579.8,95579.8,95543.3,95543.3,1.96247605
2025-02-18 23:31:00,95543.4,95569.9,95543.3,95549.2,3.05538537
2025-02-18 23:32:00,95549.2,95549.8,95532.4,95549.7,1.55862179
2025-02-18 23:33:00,95549.8,95581.9,95531.2,95581.9,4.21585558
2025-02-18 23:34:00,95581.9,95582.0,95531.1,95531.1,1.92805973
2025-02-18 23:35:00,95530.7,95553.7,95526.2,95553.7,0.4025699
2025-02-18 23:36:00,95553.7,95553.7,95535.4,95542.4,0.23025438
2025-02-18 23:37:00,95542.3,95542.4,95431.8,95431.8,2.14018546
2025-02-18 23:38:00,95431.4,95431.4,95378.8,95400.6,3.34664699
2025-02-18 23:39:00,95400.7,95445.7,95400.7,95445.7,1.82843808
2025-02-18 23:40:00,95445.6,95479.5,95377.5,95392.6,3.51938272
2025-02-18 23:41:00,95393.5,95431.6,95384.1,95423.7,0.5384922
2025-02-18 23:42:00,95423.7,95423.8,95410.3,95416.9,0.33788887
2025-02-18 23:43:00,95418.2,95418.2,95418.1,95418.1,0.26644549
2025-02-18 23:44:00,95418.1,95418.1,95385.5,95392.5,0.88788987
2025-02-18 23:45:00,95392.5,95418.5,95392.5,95418.4,0.2277349
2025-02-18 23:46:00,95418.4,95453.9,95390.0,95453.8,1.45792616
2025-02-18 23:47:00,95453.8,95453.9,95435.7,95435.8,0.8218583
2025-02-18 23:48:00,95435.8,95447.0,95393.0,95393.0,0.68910739
2025-02-18 23:49:00,95393.0,95408.1,95356.3,95408.1,2.17645868
2025-02-18 23:50:00,95408.1,95443.1,95380.5,95443.1,1.40271368
2025-02-18 23:51:00,95443.1,95462.7,95443.0,95462.7,0.31223647
2025-02-18 23:52:00,95466.5,95530.9,95466.5,95530.9,2.4537406
2025-02-18 23:53:00,95530.8,95530.8,95486.6,95528.0,2.87533375
2025-02-18 23:54:00,95527.9,95545.2,95518.0,95545.2,1.72133363
2025-02-18 23:55:00,95545.2,95550.6,95517.7,95524.0,3.62281994
2025-02-18 23:56:00,95524.1,95541.8,95524.0,95539.6,1.16890528
2025-02-18 23:57:00,95539.6,95599.9,95539.6,95588.3,1.21485167
2025-02-18 23:58:00,95588.3,95611.0,95579.7,95611.0,2.04170523
2025-02-18 23:59:00,95611.0,95670.5,95611.0,95656.6,11.3803384
2025-02-19 00:00:00,95665.1,95675.4,95606.8,95609.2,7.00134992
2025-02-19 00:01:00,95609.3,95609.3,95576.5,95580.2,5.3291658
2025-02-19 00:02:00,95581.8,95624.6,95575.8,95606.7,3.19389368
2025-02-19 00:03:00,95609.8,95641.3,95572.0,95581.6,6.7719962
2025-02-19 00:04:00,95581.0,95602.0,95579.5,95594.4,5.01161978
2025-02-19 00:05:00,95594.5,95613.9,95594.5,95603.7,1.60850241
2025-02-19 00:06:00,95603.8,95631.9,95541.3,95601.6,2.93667857
2025-02-19 00:07:00,95602.0,95668.0,95589.8,95668.0,1.84237138
2025-02-19 00:08:00,95668.0,95722.1,95667.9,95684.0,2.9523863
2025-02-19 00:09:00,95684.1,95736.8,95660.7,95736.7,3.636198
2025-02-19 00:10:00,95736.7,95774.0,95736.1,95761.2,2.59557199
2025-02-19 00:11:00,95764.9,95830.0,95723.1,95723.1,9.54222779
2025-02-19 00:12:00,95723.1,95723.2,95629.3,95629.3,6.42783923
2025-02-19 00:13:00,95629.3,95653.8,95604.9,95606.8,3.27812304
2025-02-19 00:14:00,95606.9,95633.2,95573.2,95573.2,3.67196747
2025-02-19 00:15:00,95573.1,95599.9,95573.1,95592.7,1.08962994
2025-02-19 00:16:00,95592.7,95641.9,95592.7,95641.9,0.71576313
2025-02-19 00:17:00,95641.8,95662.3,95608.9,95662.3,2.89095242
2025-02-19 00:18:00,95662.3,95691.4,95646.9,95691.4,1.4408187
2025-02-19 00:19:00,95691.5,95694.5,95628.3,95683.3,26.33234279
2025-02-19 00:20:00,95684.5,95684.6,95628.5,95663.3,22.56637452
2025-02-19 00:21:00,95663.4,95663.4,95569.2,95588.4,4.32542183
2025-02-19 00:22:00,95588.8,95595.1,95530.3,95547.6,10.54721715
2025-02-19 00:23:00,95546.0,95561.9,95473.0,95498.0,15.55600477
2025-02-19 00:24:00,95497.9,95532.9,95485.5,95530.9,1.09177018
2025-02-19 00:25:00,95530.9,95573.9,95504.2,95514.0,1.51608524
2025-02-19 00:26:00,95514.0,95549.9,95514.0,95533.0,0.87286066
2025-02-19 00:27:00,95534.0,95534.0,95472.7,95488.9,2.9328867
2025-02-19 00:28:00,95493.2,95508.2,95440.0,95440.1,3.88817554
2025-02-19 00:29:00,95440.0,95469.4,95415.1,95467.8,3.53094333
2025-02-19 00:30:00,95467.9,95480.0,95415.1,95434.2,4.3114392
2025-02-19 00:31:00,95434.2,95457.6,95427.0,95451.2,4.19811954
2025-02-19 00:32:00,95451.5,95491.8,95447.1,95449.6,2.08727255
2025-02-19 00:33:00,95457.8,95506.0,95457.8,95492.6,0.85564361
2025-02-19 00:34:00,95492.6,95513.5,95492.6,95511.1,0.57212908
2025-02-19 00:35:00,95511.0,95588.9,95511.0,95588.8,0.92787615
2025-02-19 00:36:00,95588.8,95600.0,95545.4,95556.0,0.93102968
2025-02-19 00:37:00,95556.0,95593.6,95556.0,95588.0,0.85140584
2025-02-19 00:38:00,95588.0,95615.1,95584.2,95615.1,0.55065224
2025-02-19 00:39:00,95615.2,95625.0,95545.4,95545.4,1.09336116
2025-02-19 00:40:00,95545.5,95553.3,95526.0,95534.6,1.14039338
2025-02-19 00:41:00,95534.7,95539.2,95456.0,95456.1,0.4568906
2025-02-19 00:42:00,95456.7,95483.5,95456.6,95483.5,0.30079518
2025-02-19 00:43:00,95485.5,95490.8,95480.5,95480.6,0.39461392
2025-02-19 00:44:00,95480.6,95504.9,95480.5,95504.9,0.50389962
2025-02-19 00:45:00,95504.9,95507.7,95470.8,95491.5,0.76138757
2025-02-19 00:46:00,95491.5,95575.9,95491.5,95563.6,0.73189749
2025-02-19 00:47:00,95563.6,95576.9,95552.2,95576.9,0.65610511
2025-02-19 00:48:00,95576.8,95576.9,95564.0,95568.6,2.0530086
2025-02-19 00:49:00,95568.6,95568.7,95563.9,95568.5,0.10573512
2025-02-19 00:50:00,95568.5,95571.3,95568.5,95571.3,0.08977141
2025-02-19 00:51:00,95571.3,95584.3,95540.8,95584.3,1.53652542
2025-02-19 00:52:00,95584.2,95587.9,95584.2,95587.9,0.14632919
2025-02-19 00:53:00,95588.0,95588.0,95553.2,95553.2,0.84189123
2025-02-19 00:54:00,95551.4,95551.4,95443.4,95443.5,1.60335582
2025-02-19 00:55:00,95443.5,95447.9,95396.3,95400.0,2.34795762
2025-02-19 00:56:00,95399.9,95399.9,95310.0,95318.2,4.33254521
2025-02-19 00:57:00,95318.3,95340.6,95281.1,95301.5,2.88962447
2025-02-19 00:58:00,95302.6,95348.5,95302.5,95348.4,0.50921365
2025-02-19 00:59:00,95348.4,95348.9,95313.8,95333.0,0.95495259
2025-02-19 01:00:00,95333.1,95374.1,95333.1,95374.0,2.22349247
2025-02-19 01:01:00,95374.1,95384.1,95285.7,95313.0,4.92755651
2025-02-19 01:02:00,95313.0,95315.0,95262.9,95313.6,1.88827867
2025-02-19 01:03:00,95313.7,95313.7,95238.9,95240.1,1.41644046
2025-02-19 01:04:00,95240.0,95270.2,95240.0,95260.0,0.76323692
2025-02-19 01:05:00,95260.0,95316.7,95254.7,95302.3,8.29265602
2025-02-19 01:06:00,95302.4,95313.6,95259.6,95277.2,15.97265471
2025-02-19 01:07:00,95277.3,95296.2,95266.1,95277.3,1.90866221
2025-02-19 01:08:00,95277.4,95309.1,95242.3,95309.1,0.71796105
2025-02-19 01:09:00,95309.1,95316.8,95297.2,95309.1,1.5889835
2025-02-19 01:10:00,95309.1,95326.3,95308.8,95312.9,0.88445992
2025-02-19 01:11:00,95312.9,95334.0,95294.5,95334.0,0.86598731
2025-02-19 01:12:00,95334.8,95370.8,95326.9,95370.8,1.17593391
2025-02-19 01:13:00,95370.8,95370.8,95337.4,95345.9,1.14295485
2025-02-19 01:14:00,95345.9,95345.9,95223.5,95223.5,5.08298532
2025-02-19 01:15:00,95223.1,95223.1,95105.0,95120.0,6.66088073
2025-02-19 01:16:00,95120.3,95181.7,95111.9,95155.3,6.1847237
2025-02-19 01:17:00,95155.9,95170.0,95136.4,95138.6,4.35937248
2025-02-19 01:18:00,95139.7,95150.0,95000.0,95070.0,19.02712749
2025-02-19 01:19:00,95071.0,95129.8,95058.8,95091.8,4.40455244
2025-02-19 01:20:00,95091.9,95130.0,95085.2,95123.2,1.43448488
2025-02-19 01:21:00,95123.2,95173.3,95123.2,95143.3,4.07643654
2025-02-19 01:22:00,95145.9,95177.7,95145.9,95175.1,0.56436531
2025-02-19 01:23:00,95175.0,95175.0,95072.9,95090.6,3.30639199
2025-02-19 01:24:00,95090.7,95106.4,95048.7,95060.0,2.80037601
2025-02-19 01:25:00,95059.5,95074.5,95057.8,95062.0,0.88033753
2025-02-19 01:26:00,95060.1,95069.9,95057.9,95066.1,0.94539957
2025-02-19 01:27:00,95066.2,95122.8,95066.1,95122.7,1.5310009
2025-02-19 01:28:00,95122.7,95148.9,95121.7,95148.9,0.94083701
2025-02-19 01:29:00,95148.9,95200.0,95148.9,95200.0,1.76273246
2025-02-19 01:30:00,95201.1,95246.3,95160.0,95166.0,5.57068349
2025-02-19 01:31:00,95166.1,95177.4,95140.0,95177.3,1.71036451
2025-02-19 01:32:00,95177.4,95265.6,95177.4,95214.6,5.69942221
2025-02-19 01:33:00,95214.6,95214.6,95140.6,95180.2,2.22367565
2025-02-19 01:34:00,95181.4,95200.0,95153.4,95200.0,2.04525907
2025-02-19 01:35:00,95200.0,95253.3,95196.1,95251.2,1.51891791
2025-02-19 01:36:00,95246.6,95246.6,95186.6,95214.9,2.10903888
2025-02-19 01:37:00,95216.0,95244.9,95214.1,95244.0,0.92176264
2025-02-19 01:38:00,95244.0,95257.3,95177.7,95177.7,0.80536879
2025-02-19 01:39:00,95177.7,95195.4,95172.1,95193.5,0.684274
2025-02-19 01:40:00,95193.4,95206.5,95187.4,95206.5,0.32632446
2025-02-19 01:41:00,95206.5,95235.2,95189.8,95204.0,0.63156835
2025-02-19 01:42:00,95206.0,95259.6,95206.0,95238.0,2.06339057
2025-02-19 01:43:00,95238.0,95285.9,95225.0,95285.9,1.63592717
2025-02-19 01:44:00,95285.9,95321.7,95285.9,95321.7,3.71307855
2025-02-19 01:45:00,95322.0,95400.7,95322.0,95400.7,2.46705447
2025-02-19 01:46:00,95400.6,95443.9,95386.6,95387.4,3.11577107
2025-02-19 01:47:00,95387.4,95387.6,95338.1,95338.1,0.79520278
2025-02-19 01:48:00,95338.2,95338.2,95309.1,95313.1,0.83036783
2025-02-19 01:49:00,95313.1,95329.5,95299.7,95329.5,6.95436987
2025-02-19 01:50:00,95329.4,95355.9,95329.4,95355.9,1.33387426
2025-02-19 01:51:00,95356.0,95396.2,95356.0,95377.1,0.53232735
2025-02-19 01:52:00,95377.1,95377.1,95341.9,95372.6,1.3356407
2025-02-19 01:53:00,95372.6,95384.9,95343.2,95343.2,0.35949948
2025-02-19 01:54:00,95343.3,95343.3,95305.1,95305.1,0.45087722
2025-02-19 01:55:00,95304.8,95340.0,95304.8,95339.9,0.44782955
2025-02-19 01:56:00,95340.0,95394.1,95340.0,95394.1,2.60382055
2025-02-19 01:57:00,95393.8,95393.8,95362.5,95378.8,0.18561531
2025-02-19 01:58:00,95378.8,95441.2,95378.7,95438.1,1.05513538
2025-02-19 01:59:00,95439.9,95478.1,95439.9,95478.1,2.59437994
2025-02-19 02:00:00,95478.1,95517.5,95444.7,95444.8,3.2450767
2025-02-19 02:01:00,95444.8,95498.9,95444.8,95491.2,8.06629076
2025-02-19 02:02:00,95490.4,95503.9,95471.0,95491.7,0.82665483
2025-02-19 02:03:00,95498.9,95526.7,95498.9,95526.7,0.53592298
2025-02-19 02:04:00,95526.9,95532.1,95512.0,95518.0,0.65267827
2025-02-19 02:05:00,95518.0,95552.1,95512.5,95552.1,10.62815571
2025-02-19 02:06:00,95552.2,95559.9,95530.0,95555.0,0.59642061
2025-02-19 02:07:00,95555.0,95555.1,95524.5,95524.6,0.55352932
2025-02-19 02:08:00,95524.6,95537.9,95505.8,95510.0,0.83832697
2025-02-19 02:09:00,95512.0,95620.0,95512.0,95620.0,3.1746956
2025-02-19 02:10:00,95620.1,95710.2,95620.1,95687.0,9.33727763
2025-02-19 02:11:00,95687.8,95719.2,95638.9,95647.2,2.89424848
2025-02-19 02:12:00,95644.1,95655.9,95591.5,95591.5,1.84366597
2025-02-19 02:13:00,95590.6,95614.2,95573.2,95579.6,0.57130465
2025-02-19 02:14:00,95578.2,95593.9,95569.4,95593.9,0.39900978
2025-02-19 02:15:00,95599.9,95615.7,95573.9,95581.2,2.90326997
2025-02-19 02:16:00,95580.6,95599.8,95555.0,95560.0,0.51514041
2025-02-19 02:17:00,95560.3,95560.4,95477.0,95489.9,1.72455804
2025-02-19 02:18:00,95489.9,95511.6,95481.6,95482.8,2.14833705
2025-02-19 02:19:00,95480.1,95501.3,95472.9,95498.9,0.88249725
2025-02-19 02:20:00,95498.9,95592.0,95498.9,95578.7,1.16326574
2025-02-19 02:21:00,95578.6,95606.1,95567.6,95594.4,2.68737638
2025-02-19 02:22:00,95594.2,95631.3,95586.5,95631.3,0.29759871
2025-02-19 02:23:00,95631.3,95650.4,95606.0,95620.8,2.0989019
2025-02-19 02:24:00,95622.8,95661.9,95622.8,95652.3,3.97321618
2025-02-19 02:25:00,95652.2,95660.0,95649.9,95660.0,0.28239045
2025-02-19 02:26:00,95660.0,95671.9,95659.9,95671.9,2.37518383
2025-02-19 02:27:00,95671.8,95671.8,95594.7,95604.2,4.92803081
2025-02-19 02:28:00,95604.2,95604.2,95545.5,95549.9,2.1807969
2025-02-19 02:29:00,95549.9,95549.9,95532.0,95548.2,1.53393402
2025-02-19 02:30:00,95548.1,95569.8,95543.2,95543.2,1.6978968
2025-02-19 02:31:00,95543.1,95555.0,95535.8,95553.8,4.65792417
2025-02-19 02:32:00,95554.5,95583.3,95546.0,95583.3,0.82197474
2025-02-19 02:33:00,95582.0,95639.8,95576.1,95623.9,1.57973405
2025-02-19 02:34:00,95623.8,95623.8,95570.7,95570.8,0.984326
2025-02-19 02:35:00,95570.8,95575.3,95568.0,95575.3,0.96556644
2025-02-19 02:36:00,95575.3,95605.5,95566.9,95566.9,2.07540346
2025-02-19 02:37:00,95566.8,95619.2,95566.8,95619.2,0.69604696
2025-02-19 02:38:00,95619.1,95639.2,95602.8,95639.2,3.01352032
2025-02-19 02:39:00,95639.2,95644.4,95625.0,95644.3,0.61634238
2025-02-19 02:40:00,95641.7,95662.6,95640.0,95659.5,0.61374763
2025-02-19 02:41:00,95657.5,95672.9,95651.6,95666.1,0.55925602
2025-02-19 02:42:00,95664.1,95675.5,95655.8,95655.8,2.17575522
2025-02-19 02:43:00,95655.9,95655.9,95632.3,95637.7,0.98648991
2025-02-19 02:44:00,95637.7,95715.0,95637.6,95714.6,1.60463565
2025-02-19 02:45:00,95710.6,95746.0,95707.4,95729.5,4.09287982
2025-02-19 02:46:00,95730.0,95777.0,95730.0,95762.0,4.10186389
2025-02-19 02:47:00,95761.9,95761.9,95728.0,95738.0,1.3548536
2025-02-19 02:48:00,95738.1,95815.0,95738.0,95814.9,19.35887353
2025-02-19 02:49:00,95814.9,95864.6,95806.8,95836.0,6.58724184
2025-02-19 02:50:00,95836.1,95908.7,95802.1,95905.9,13.21818058
2025-02-19 02:51:00,95905.9,95937.4,95872.4,95922.0,6.50906848
2025-02-19 02:52:00,95922.0,95964.3,95916.6,95922.7,2.91817648
2025-02-19 02:53:00,95920.2,95920.2,95839.8,95862.9,3.20197232
2025-02-19 02:54:00,95864.3,95883.9,95824.1,95829.3,1.62537337
2025-02-19 02:55:00,95826.3,95879.2,95826.3,95855.7,4.20311294
2025-02-19 02:56:00,95855.7,95861.5,95824.2,95824.3,2.45996679
2025-02-19 02:57:00,95824.3,95824.3,95790.9,95791.7,5.76916006
2025-02-19 02:58:00,95791.7,95796.2,95785.9,95794.6,1.75226265
2025-02-19 02:59:00,95792.7,95824.0,95785.9,95823.9,5.33910215
2025-02-19 03:00:00,95824.0,95840.2,95794.6,95794.6,4.14713118
2025-02-19 03:01:00,95793.5,95807.9,95761.4,95780.2,4.67155621
2025-02-19 03:02:00,95780.2,95780.2,95747.6,95763.7,3.94470949
2025-02-19 03:03:00,95763.6,95789.9,95763.6,95783.9,4.71451101
2025-02-19 03:04:00,95784.0,95789.8,95760.9,95761.0,1.66815531
2025-02-19 03:05:00,95761.0,95790.0,95760.9,95790.0,0.67184317
2025-02-19 03:06:00,95789.9,95804.2,95760.0,95792.2,1.66603773
2025-02-19 03:07:00,95792.2,95800.0,95763.0,95763.1,2.51880622
2025-02-19 03:08:00,95763.0,95763.0,95692.0,95692.0,4.61560335
2025-02-19 03:09:00,95692.0,95730.1,95671.4,95708.5,0.99202
2025-02-19 03:10:00,95706.7,95741.9,95706.7,95741.9,1.96921738
2025-02-19 03:11:00,95741.9,95742.0,95726.1,95731.2,0.36537573
2025-02-19 03:12:00,95733.9,95737.0,95666.0,95674.0,3.25372386
2025-02-19 03:13:00,95674.1,95690.0,95668.2,95682.3,1.7285167
2025-02-19 03:14:00,95681.2,95681.2,95639.9,95663.9,1.02877706
2025-02-19 03:15:00,95663.8,95663.8,95626.0,95641.0,1.34595343
2025-02-19 03:16:00,95641.0,95641.0,95615.9,95621.3,0.19632366
2025-02-19 03:17:00,95618.0,95638.0,95602.1,95632.7,0.77225367
2025-02-19 03:18:00,95632.0,95632.0,95616.1,95617.5,1.71332345
2025-02-19 03:19:00,95617.5,95627.9,95568.0,95570.7,13.35490656
2025-02-19 03:20:00,95570.7,95617.8,95570.7,95617.8,1.13986713
2025-02-19 03:21:00,95617.8,95684.6,95614.0,95679.9,0.74830795
2025-02-19 03:22:00,95671.8,95749.9,95662.1,95734.9,7.68842629
2025-02-19 03:23:00,95734.8,95749.9,95732.9,95732.9,0.76548539
2025-02-19 03:24:00,95733.0,95742.9,95708.6,95712.5,10.73466008
2025-02-19 03:25:00,95712.6,95726.5,95712.0,95726.5,0.35932903
2025-02-19 03:26:00,95729.3,95740.6,95717.5,95732.9,0.69517891
2025-02-19 03:27:00,95734.1,95750.0,95734.1,95749.9,0.53629562
2025-02-19 03:28:00,95750.0,95753.6,95750.0,95753.5,0.32627061
2025-02-19 03:29:00,95751.9,95751.9,95708.4,95708.4,2.75502688
2025-02-19 03:30:00,95708.5,95712.7,95622.6,95628.8,6.23441263
2025-02-19 03:31:00,95628.0,95646.1,95600.1,95636.7,2.62157744
2025-02-19 03:32:00,95636.6,95685.0,95636.6,95684.8,3.33926024
2025-02-19 03:33:00,95684.9,95712.0,95684.8,95712.0,1.77185045
2025-02-19 03:34:00,95712.0,95722.8,95685.5,95720.0,3.02353509
2025-02-19 03:35:00,95718.0,95721.1,95698.5,95699.7,3.35866302
2025-02-19 03:36:00,95699.8,95699.8,95684.7,95691.6,0.67228147
2025-02-19 03:37:00,95691.6,95691.7,95660.7,95679.6,1.04364745
2025-02-19 03:38:00,95679.6,95679.7,95679.6,95679.7,0.56773787
2025-02-19 03:39:00,95679.6,95679.7,95674.6,95674.6,0.60982864
2025-02-19 03:40:00,95674.6,95727.6,95674.6,95727.6,2.57294486
2025-02-19 03:41:00,95727.5,95733.7,95712.0,95713.5,1.96145422
2025-02-19 03:42:00,95713.4,95713.5,95713.4,95713.5,0.4544602
2025-02-19 03:43:00,95713.4,95730.0,95696.9,95696.9,2.70852312
2025-02-19 03:44:00,95696.9,95718.9,95696.9,95716.6,1.13544218
2025-02-19 03:45:00,95718.5,95764.6,95710.6,95716.0,2.43233207
2025-02-19 03:46:00,95720.0,95755.2,95720.0,95755.1,0.35761512
2025-02-19 03:47:00,95755.1,95800.0,95739.1,95798.1,3.45949795
2025-02-19 03:48:00,95798.1,95812.0,95754.0,95759.9,9.03203958
2025-02-19 03:49:00,95759.9,95763.2,95740.0,95756.3,4.75526367
2025-02-19 03:50:00,95756.2,95794.0,95756.0,95758.1,1.34762162
2025-02-19 03:51:00,95758.0,95769.8,95758.0,95769.7,1.01686121
2025-02-19 03:52:00,95769.7,95787.9,95750.0,95750.0,6.0835247
2025-02-19 03:53:00,95750.0,95762.0,95724.0,95724.0,1.69834461
2025-02-19 03:54:00,95722.1,95744.4,95722.1,95739.6,0.31474064
2025-02-19 03:55:00,95740.8,95802.0,95740.8,95802.0,1.70211676
2025-02-19 03:56:00,95801.9,95801.9,95750.5,95756.2,2.01233311
2025-02-19 03:57:00,95756.2,95756.2,95712.6,95714.4,1.19231093
2025-02-19 03:58:00,95714.4,95737.9,95700.1,95700.1,0.3750503
2025-02-19 03:59:00,95700.0,95719.8,95682.0,95719.8,1.01575936
2025-02-19 04:00:00,95719.7,95773.8,95719.7,95773.8,0.75519282
2025-02-19 04:01:00,95775.9,95776.9,95746.2,95768.2,1.37238493
2025-02-19 04:02:00,95767.1,95769.7,95729.3,95733.9,0.75696511
2025-02-19 04:03:00,95733.3,95733.3,95701.7,95711.7,2.12928049
2025-02-19 04:04:00,95710.0,95713.8,95681.4,95706.7,0.42975321
2025-02-19 04:05:00,95709.8,95721.9,95705.1,95718.6,0.48231262
2025-02-19 04:06:00,95718.6,95719.5,95705.1,95717.6,0.26672847
2025-02-19 04:07:00,95717.6,95723.0,95708.4,95718.0,0.27474812
2025-02-19 04:08:00,95715.5,95715.5,95672.7,95672.8,0.76066366
2025-02-19 04:09:00,95672.7,95672.8,95652.2,95652.2,1.57447177
2025-02-19 04:10:00,95652.1,95672.6,95620.8,95620.9,2.36168547
2025-02-19 04:11:00,95620.8,95648.6,95603.6,95640.0,5.8006812
2025-02-19 04:12:00,95639.8,95639.8,95609.1,95609.1,0.34160746
2025-02-19 04:13:00,95609.1,95628.4,95603.4,95611.9,1.69974267
2025-02-19 04:14:00,95610.0,95638.0,95610.0,95637.9,0.99602033
2025-02-19 04:15:00,95637.9,95679.8,95637.9,95654.0,1.08536723
2025-02-19 04:16:00,95653.3,95653.3,95612.1,95616.2,0.32184195
2025-02-19 04:17:00,95616.2,95645.2,95616.1,95642.7,0.91512055
2025-02-19 04:18:00,95641.3,95641.4,95628.2,95628.2,0.42725775
2025-02-19 04:19:00,95628.3,95638.7,95590.0,95590.0,1.91032795
2025-02-19 04:20:00,95594.1,95594.5,95587.2,95593.0,2.02061689
2025-02-19 04:21:00,95593.0,95613.2,95590.2,95599.9,2.53957675
2025-02-19 04:22:00,95600.1,95608.7,95567.9,95579.8,1.31049919
2025-02-19 04:23:00,95576.0,95585.1,95559.2,95585.1,1.69299785
2025-02-19 04:24:00,95586.5,95588.0,95576.0,95587.9,1.56910101
2025-02-19 04:25:00,95587.9,95588.0,95583.9,95583.9,0.53308638
2025-02-19 04:26:00,95583.9,95583.9,95543.5,95543.5,2.23145777
2025-02-19 04:27:00,95543.5,95547.4,95518.8,95534.3,2.28607471
2025-02-19 04:28:00,95534.2,95536.0,95506.0,95535.9,1.65595679
2025-02-19 04:29:00,95535.9,95536.0,95532.7,95532.8,0.06833474
2025-02-19 04:30:00,95532.8,95533.2,95500.0,95500.0,1.96518343
2025-02-19 04:31:00,95500.1,95528.9,95500.0,95528.9,4.32101989
2025-02-19 04:32:00,95528.8,95563.1,95528.8,95563.0,3.26882825
2025-02-19 04:33:00,95564.9,95588.0,95564.9,95587.4,1.29644412
2025-02-19 04:34:00,95587.9,95588.2,95586.1,95588.1,0.35007863
2025-02-19 04:35:00,95588.2,95592.8,95587.4,95592.8,0.76528638
2025-02-19 04:36:00,95592.8,95618.4,95558.0,95558.0,5.68164157
2025-02-19 04:37:00,95558.1,95558.1,95478.0,95489.3,4.22242073
2025-02-19 04:38:00,95489.3,95489.4,95452.8,95484.9,5.35322357
2025-02-19 04:39:00,95484.8,95488.4,95452.4,95452.4,5.23502225
2025-02-19 04:40:00,95452.0,95481.4,95439.9,95481.4,14.67285649
2025-02-19 04:41:00,95481.4,95488.0,95480.1,95487.0,0.09402195
2025-02-19 04:42:00,95484.1,95484.8,95440.0,95440.0,1.00389273
2025-02-19 04:43:00,95440.1,95440.1,95420.3,95420.3,2.12550319
2025-02-19 04:44:00,95420.2,95420.3,95377.9,95380.7,1.41644071
2025-02-19 04:45:00,95380.8,95394.0,95325.1,95394.0,18.83705497
2025-02-19 04:46:00,95393.9,95429.1,95393.9,95403.8,1.89726774
2025-02-19 04:47:00,95403.5,95423.1,95403.5,95423.1,1.39535541
2025-02-19 04:48:00,95423.0,95437.5,95423.0,95437.4,1.94517313
2025-02-19 04:49:00,95437.4,95444.4,95437.4,95444.3,1.73559004
2025-02-19 04:50:00,95444.3,95466.2,95424.1,95424.2,1.50118039
2025-02-19 04:51:00,95424.1,95461.8,95424.1,95459.3,0.61362387
2025-02-19 04:52:00,95459.3,95459.4,95393.9,95393.9,1.3149682
2025-02-19 04:53:00,95393.8,95397.9,95392.3,95396.0,0.11068813
2025-02-19 04:54:00,95395.9,95406.0,95382.1,95382.2,0.44596613
2025-02-19 04:55:00,95382.1,95384.9,95351.4,95384.9,1.94727986
2025-02-19 04:56:00,95385.3,95395.5,95325.0,95336.3,2.42574316
2025-02-19 04:57:00,95338.4,95338.4,95299.5,95299.6,1.67952165
2025-02-19 04:58:00,95299.5,95299.6,95259.9,95271.6,4.14306602
2025-02-19 04:59:00,95271.1,95271.1,95233.4,95233.4,6.03687381
2025-02-19 05:00:00,95233.3,95256.9,95182.3,95226.1,6.2358534
2025-02-19 05:01:00,95228.0,95288.1,95228.0,95268.3,0.8323109
2025-02-19 05:02:00,95268.3,95272.9,95218.6,95218.6,1.62889336
2025-02-19 05:03:00,95216.6,95257.9,95215.5,95252.9,1.31877434
2025-02-19 05:04:00,95249.2,95260.5,95158.0,95169.9,5.72728336
2025-02-19 05:05:00,95169.9,95228.1,95169.9,95188.5,1.64260977
2025-02-19 05:06:00,95188.5,95188.6,95132.1,95166.0,1.56137687
2025-02-19 05:07:00,95163.0,95224.8,95160.0,95211.0,1.21220438
2025-02-19 05:08:00,95209.2,95209.2,95180.0,95182.5,0.33997951
2025-02-19 05:09:00,95182.5,95210.9,95182.1,95186.1,0.59100019
2025-02-19 05:10:00,95186.1,95211.0,95180.0,95211.0,1.33072507
2025-02-19 05:11:00,95210.9,95274.2,95210.9,95224.2,2.81433128
2025-02-19 05:12:00,95224.3,95286.0,95224.3,95285.9,10.57914182
2025-02-19 05:13:00,95285.9,95290.0,95267.9,95277.9,1.83574468
2025-02-19 05:14:00,95275.9,95283.1,95253.6,95272.4,6.46027499
2025-02-19 05:15:00,95272.1,95284.2,95240.0,95241.6,2.16522627
2025-02-19 05:16:00,95241.6,95250.8,95198.4,95216.1,3.96741456
2025-02-19 05:17:00,95216.1,95230.0,95146.0,95146.1,7.1982578
2025-02-19 05:18:00,95146.0,95225.0,95146.0,95150.0,3.15773873
2025-02-19 05:19:00,95150.1,95184.5,95125.3,95160.0,5.84329786
2025-02-19 05:20:00,95159.9,95159.9,95125.3,95125.3,1.65278141
2025-02-19 05:21:00,95125.3,95149.9,95102.1,95106.0,1.93623409
2025-02-19 05:22:00,95104.1,95104.1,95070.1,95092.9,3.69482298
2025-02-19 05:23:00,95093.3,95093.9,95061.5,95062.1,1.38647169
2025-02-19 05:24:00,95062.1,95075.4,95062.0,95063.2,1.32888631
2025-02-19 05:25:00,95063.2,95100.5,95062.2,95072.4,7.80788468
2025-02-19 05:26:00,95070.0,95070.0,95062.1,95062.2,0.50952882
2025-02-19 05:27:00,95062.1,95120.0,95062.1,95118.1,1.42839018
2025-02-19 05:28:00,95118.0,95119.6,95068.7,95068.7,2.13862334
2025-02-19 05:29:00,95070.8,95117.6,95050.3,95117.6,2.97661964
2025-02-19 05:30:00,95117.5,95186.6,95117.5,95186.6,2.03623751
2025-02-19 05:31:00,95186.6,95189.5,95163.5,95188.9,1.52173184
2025-02-19 05:32:00,95188.9,95200.0,95179.8,95179.9,1.03370842
2025-02-19 05:33:00,95179.8,95207.4,95179.8,95205.6,7.00130734
2025-02-19 05:34:00,95207.3,95213.3,95204.0,95213.2,0.55004057
2025-02-19 05:35:00,95213.2,95231.0,95207.9,95219.4,1.36319234
2025-02-19 05:36:00,95219.4,95265.1,95219.4,95261.7,3.81492455
2025-02-19 05:37:00,95261.6,95279.0,95235.0,95249.5,3.04488889
2025-02-19 05:38:00,95253.3,95253.3,95236.1,95240.5,0.21391564
2025-02-19 05:39:00,95240.5,95268.5,95231.4,95268.5,0.56865748
2025-02-19 05:40:00,95268.4,95269.8,95245.5,95254.0,0.47702942
2025-02-19 05:41:00,95254.0,95333.0,95254.0,95302.8,12.1846324
2025-02-19 05:42:00,95302.8,95337.8,95302.8,95327.5,6.26499192
2025-02-19 05:43:00,95327.6,95329.5,95314.6,95314.6,0.68917457
2025-02-19 05:44:00,95314.6,95316.6,95312.7,95316.5,0.98049742
2025-02-19 05:45:00,95316.1,95316.2,95300.8,95302.7,0.15546601
2025-02-19 05:46:00,95302.7,95313.6,95282.5,95311.3,2.96377335
2025-02-19 05:47:00,95311.3,95344.0,95311.3,95343.9,6.91520145
2025-02-19 05:48:00,95343.9,95343.9,95317.8,95317.9,1.1322688
2025-02-19 05:49:00,95317.9,95347.2,95317.8,95340.3,1.06571037
2025-02-19 05:50:00,95340.3,95340.4,95316.5,95323.9,0.59998201
2025-02-19 05:51:00,95325.8,95340.6,95325.8,95340.5,0.21340633
2025-02-19 05:52:00,95340.6,95341.5,95300.1,95300.1,0.73956985
2025-02-19 05:53:00,95300.1,95308.8,95300.0,95308.7,0.43174355
2025-02-19 05:54:00,95308.7,95311.3,95308.7,95311.2,0.28642598
2025-02-19 05:55:00,95311.2,95337.9,95311.2,95337.9,1.10392622
2025-02-19 05:56:00,95337.8,95337.8,95314.6,95319.1,1.29545064
2025-02-19 05:57:00,95319.2,95319.2,95273.6,95273.6,1.99215437
2025-02-19 05:58:00,95273.6,95273.6,95253.9,95253.9,0.51806509
2025-02-19 05:59:00,95253.9,95289.1,95246.4,95285.4,1.52474237
2025-02-19 06:00:00,95285.0,95302.6,95285.0,95302.6,0.7458749
2025-02-19 06:01:00,95302.5,95302.6,95285.0,95292.3,0.66311291
2025-02-19 06:02:00,95292.4,95334.8,95292.3,95334.7,1.70268446
2025-02-19 06:03:00,95333.8,95333.8,95285.1,95285.1,2.22663447
2025-02-19 06:04:00,95285.1,95285.1,95246.5,95246.6,0.6094569
2025-02-19 06:05:00,95246.6,95246.6,95245.7,95245.8,0.51402294
2025-02-19 06:06:00,95245.8,95245.8,95244.9,95245.7,0.39679301
2025-02-19 06:07:00,95245.8,95275.3,95238.7,95249.9,1.33998906
2025-02-19 06:08:00,95246.7,95336.0,95246.7,95313.8,6.84526417
2025-02-19 06:09:00,95313.8,95313.9,95282.4,95282.4,0.23568307
2025-02-19 06:10:00,95282.5,95314.5,95278.0,95314.5,0.95354587
2025-02-19 06:11:00,95314.4,95333.4,95304.2,95333.3,0.97730375
2025-02-19 06:12:00,95333.4,95367.4,95333.4,95362.4,5.70908269
2025-02-19 06:13:00,95362.3,95376.0,95362.3,95375.9,1.20400603
2025-02-19 06:14:00,95376.0,95376.0,95361.1,95362.7,1.6007017
2025-02-19 06:15:00,95362.6,95362.7,95362.6,95362.6,0.38145728
2025-02-19 06:16:00,95362.7,95362.7,95338.5,95339.9,1.02242766
2025-02-19 06:17:00,95339.9,95339.9,95291.7,95314.5,1.57537491
2025-02-19 06:18:00,95314.5,95319.4,95297.0,95297.1,0.44652826
2025-02-19 06:19:00,95297.1,95307.0,95297.0,95305.1,0.21467755
2025-02-19 06:20:00,95305.0,95315.6,95305.0,95315.6,1.12155874
2025-02-19 06:21:00,95316.3,95336.5,95302.7,95336.5,1.9663602
2025-02-19 06:22:00,95336.6,95395.5,95336.6,95393.5,1.1713012
2025-02-19 06:23:00,95393.5,95393.5,95373.3,95373.3,0.74283874
2025-02-19 06:24:00,95369.4,95369.4,95352.0,95352.0,0.48187747
2025-02-19 06:25:00,95352.0,95380.0,95352.0,95380.0,1.70966358
2025-02-19 06:26:00,95380.0,95380.0,95379.9,95379.9,0.25711727
2025-02-19 06:27:00,95379.9,95380.0,95350.4,95350.4,0.45350159
2025-02-19 06:28:00,95350.4,95359.6,95350.0,95359.6,0.75031061
2025-02-19 06:29:00,95359.6,95386.4,95359.5,95384.0,1.7773247
2025-02-19 06:30:00,95384.0,95385.4,95377.9,95378.8,1.77141275
2025-02-19 06:31:00,95378.7,95383.4,95358.0,95378.4,0.92460197
2025-02-19 06:32:00,95378.6,95388.3,95374.0,95388.3,0.32390865
2025-02-19 06:33:00,95388.2,95388.3,95386.6,95388.1,0.06685399
2025-02-19 06:34:00,95388.2,95390.1,95379.9,95379.9,0.2891715
2025-02-19 06:35:00,95379.9,95383.9,95379.9,95380.0,0.15043688
